phase,arm,config_hash,seed,corpus,split_file,eval_partition,n_params,n_params_trainable,epochs_run,best_epoch,acc,bal_acc,prec,rec,f1,auc,acc_urdu,acc_english,acc_digit,f1_urdu,f1_english,f1_digit,n_urdu,n_english,n_digit,optimizer,learning_rate,weight_decay,depth_config,sca_d,sca_r,backbone,runtime_s,env,timestamp
tuning,A3,9c4a50a986,101,primary,split_v1.json,val,9651652,6422788,14,9,0.709677,0.652729,0.755556,0.829268,0.790698,0.819977,0.731707,0.777778,0.583333,0.830769,0.75,0.615385,41,9,12,adam,0.0001,0.0,,16,16,mobilenet,64.52,tf2.20.0|keras3.15.1|py3.13.7|Windows|cpu,2026-09-01T22:11:21+00:00
tuning,A3,9c4a50a986,102,primary,split_v1.json,val,9651652,6422788,17,12,0.709677,0.664344,0.767442,0.804878,0.785714,0.839721,0.756098,0.777778,0.5,0.83871,0.75,0.571429,41,9,12,adam,0.0001,0.0,,16,16,mobilenet,56.13,tf2.20.0|keras3.15.1|py3.13.7|Windows|cpu,2026-09-01T22:12:17+00:00
tuning,A1_all,7c6ce8d2bc,101,primary,split_v1.json,val,9821161,6592297,13,8,0.806452,0.749129,0.808511,0.926829,0.863636,0.860627,0.829268,0.777778,0.75,0.895522,0.75,0.769231,41,9,12,adam,0.0001,0.0,all,16,16,mobilenet,239.89,tf2.20.0|keras3.15.1|py3.13.7|Windows|cpu,2026-09-01T22:28:37+00:00
tuning,A1_all,7c6ce8d2bc,102,primary,split_v1.json,val,9821161,6592297,13,8,0.83871,0.785134,0.829787,0.95122,0.886364,0.858304,0.853659,0.777778,0.833333,0.909091,0.75,0.857143,41,9,12,adam,0.0001,0.0,all,16,16,mobilenet,268.83,tf2.20.0|keras3.15.1|py3.13.7|Windows|cpu,2026-09-01T22:33:06+00:00
tuning,A1_all,7c6ce8d2bc,103,primary,split_v1.json,val,9821161,6592297,12,7,0.774194,0.678281,0.754717,0.97561,0.851064,0.825784,0.780488,0.666667,0.833333,0.869565,0.666667,0.875,41,9,12,adam,0.0001,0.0,all,16,16,mobilenet,219.36,tf2.20.0|keras3.15.1|py3.13.7|Windows|cpu,2026-09-01T22:36:46+00:00
tuning,A1_all,15d29ac5da,101,primary,split_v1.json,val,9821161,6592297,7,2,0.758065,0.6777,0.76,0.926829,0.835165,0.808362,0.756098,0.777778,0.75,0.857143,0.75,0.769231,41,9,12,adam,0.0003,0.0,all,16,16,mobilenet,149.62,tf2.20.0|keras3.15.1|py3.13.7|Windows|cpu,2026-09-01T22:39:15+00:00
tuning,A1_all,15d29ac5da,102,primary,split_v1.json,val,9821161,6592297,16,11,0.83871,0.796748,0.844444,0.926829,0.883721,0.908246,0.902439,0.777778,0.666667,0.9375,0.75,0.714286,41,9,12,adam,0.0003,0.0,all,16,16,mobilenet,302.32,tf2.20.0|keras3.15.1|py3.13.7|Windows|cpu,2026-09-01T22:44:18+00:00
tuning,A1_all,15d29ac5da,103,primary,split_v1.json,val,9821161,6592297,21,16,0.774194,0.666667,0.745455,1.0,0.854167,0.84669,0.804878,0.666667,0.75,0.882353,0.727273,0.823529,41,9,12,adam,0.0003,0.0,all,16,16,mobilenet,367.56,tf2.20.0|keras3.15.1|py3.13.7|Windows|cpu,2026-09-01T22:50:25+00:00
tuning,A1_all,f5e5f4b9b4,101,primary,split_v1.json,val,9821161,6592297,12,7,0.806452,0.760743,0.822222,0.902439,0.860465,0.861789,0.853659,0.666667,0.75,0.90625,0.571429,0.8,41,9,12,adam,0.001,0.0,all,16,16,mobilenet,214.33,tf2.20.0|keras3.15.1|py3.13.7|Windows|cpu,2026-09-01T22:54:00+00:00
tuning,A1_all,f5e5f4b9b4,102,primary,split_v1.json,val,9821161,6592297,13,8,0.822581,0.772938,0.826087,0.926829,0.873563,0.861789,0.829268,0.888889,0.75,0.892308,0.888889,0.769231,41,9,12,adam,0.001,0.0,all,16,16,mobilenet,236.73,tf2.20.0|keras3.15.1|py3.13.7|Windows|cpu,2026-09-01T22:57:57+00:00
tuning,A1_all,f5e5f4b9b4,103,primary,split_v1.json,val,9821161,6592297,9,4,0.66129,0.5,0.66129,1.0,0.796117,0.788618,0.731707,0.444444,0.583333,0.84507,0.615385,0.736842,41,9,12,adam,0.001,0.0,all,16,16,mobilenet,167.83,tf2.20.0|keras3.15.1|py3.13.7|Windows|cpu,2026-09-01T23:00:44+00:00
tuning,A1_all,5ce7e2bf49,101,primary,split_v1.json,val,9821161,6592297,10,5,0.806452,0.772358,0.837209,0.878049,0.857143,0.882695,0.829268,0.777778,0.75,0.888889,0.75,0.769231,41,9,12,rmsprop,0.0001,0.0,all,16,16,mobilenet,180.22,tf2.20.0|keras3.15.1|py3.13.7|Windows|cpu,2026-09-01T23:03:45+00:00
tuning,A1_all,5ce7e2bf49,102,primary,split_v1.json,val,9821161,6592297,9,4,0.806452,0.783972,0.853659,0.853659,0.853659,0.909408,0.829268,0.888889,0.666667,0.885246,0.857143,0.714286,41,9,12,rmsprop,0.0001,0.0,all,16,16,mobilenet,159.79,tf2.20.0|keras3.15.1|py3.13.7|Windows|cpu,2026-09-01T23:06:25+00:00
tuning,A1_all,5ce7e2bf49,103,primary,split_v1.json,val,9821161,6592297,13,8,0.774194,0.736353,0.813953,0.853659,0.833333,0.790941,0.804878,0.777778,0.666667,0.870968,0.75,0.714286,41,9,12,rmsprop,0.0001,0.0,all,16,16,mobilenet,224.67,tf2.20.0|keras3.15.1|py3.13.7|Windows|cpu,2026-09-01T23:10:09+00:00
tuning,A1_all,88c87c6ae9,101,primary,split_v1.json,val,9821161,6592297,10,5,0.806452,0.749129,0.808511,0.926829,0.863636,0.8223,0.804878,0.777778,0.833333,0.878788,0.75,0.857143,41,9,12,rmsprop,0.0003,0.0,all,16,16,mobilenet,172.47,tf2.20.0|keras3.15.1|py3.13.7|Windows|cpu,2026-09-01T23:13:02+00:00
tuning,A1_all,88c87c6ae9,102,primary,split_v1.json,val,9821161,6592297,10,5,0.774194,0.724739,0.8,0.878049,0.837209,0.852497,0.804878,0.777778,0.666667,0.870968,0.8,0.714286,41,9,12,rmsprop,0.0003,0.0,all,16,16,mobilenet,175.23,tf2.20.0|keras3.15.1|py3.13.7|Windows|cpu,2026-09-01T23:15:57+00:00
tuning,A1_all,88c87c6ae9,103,primary,split_v1.json,val,9821161,6592297,12,7,0.758065,0.724158,0.809524,0.829268,0.819277,0.829268,0.780488,0.777778,0.666667,0.852459,0.75,0.714286,41,9,12,rmsprop,0.0003,0.0,all,16,16,mobilenet,206.15,tf2.20.0|keras3.15.1|py3.13.7|Windows|cpu,2026-09-01T23:19:23+00:00
tuning,A1_all,ef638e945a,101,primary,split_v1.json,val,9821161,6592297,7,2,0.677419,0.52381,0.672131,1.0,0.803922,0.751452,0.731707,0.444444,0.666667,0.84507,0.615385,0.777778,41,9,12,rmsprop,0.001,0.0,all,16,16,mobilenet,121.76,tf2.20.0|keras3.15.1|py3.13.7|Windows|cpu,2026-09-01T23:21:25+00:00
tuning,A1_all,ef638e945a,102,primary,split_v1.json,val,9821161,6592297,11,6,0.725806,0.688153,0.785714,0.804878,0.795181,0.759582,0.756098,0.888889,0.5,0.83871,0.888889,0.5,41,9,12,rmsprop,0.001,0.0,all,16,16,mobilenet,188.78,tf2.20.0|keras3.15.1|py3.13.7|Windows|cpu,2026-09-01T23:24:34+00:00
tuning,A1_all,ef638e945a,103,primary,split_v1.json,val,9821161,6592297,15,10,0.822581,0.807782,0.875,0.853659,0.864198,0.86295,0.878049,0.777778,0.666667,0.915254,0.75,0.714286,41,9,12,rmsprop,0.001,0.0,all,16,16,mobilenet,253.92,tf2.20.0|keras3.15.1|py3.13.7|Windows|cpu,2026-09-01T23:28:48+00:00
tuning,A1_early,1dc295e02c,101,primary,split_v1.json,val,9654025,6425161,6,1,0.806452,0.737515,0.795918,0.95122,0.866667,0.771196,0.829268,0.888889,0.666667,0.892308,0.888889,0.75,41,9,12,adam,0.0001,0.0,early,16,16,mobilenet,115.97,tf2.20.0|keras3.15.1|py3.13.7|Windows|cpu,2026-09-01T23:30:44+00:00
tuning,A1_early,1dc295e02c,102,primary,split_v1.json,val,9654025,6425161,13,8,0.741935,0.67712,0.765957,0.878049,0.818182,0.843206,0.804878,0.666667,0.583333,0.875,0.666667,0.666667,41,9,12,adam,0.0001,0.0,early,16,16,mobilenet,222.18,tf2.20.0|keras3.15.1|py3.13.7|Windows|cpu,2026-09-01T23:34:27+00:00
tuning,A1_early,1dc295e02c,103,primary,split_v1.json,val,9654025,6425161,13,8,0.725806,0.65331,0.75,0.878049,0.808989,0.86295,0.829268,0.666667,0.416667,0.892308,0.666667,0.533333,41,9,12,adam,0.0001,0.0,early,16,16,mobilenet,224.46,tf2.20.0|keras3.15.1|py3.13.7|Windows|cpu,2026-09-01T23:38:11+00:00
tuning,A1_early,60b3a33542,101,primary,split_v1.json,val,9654025,6425161,6,1,0.725806,0.688153,0.785714,0.804878,0.795181,0.775842,0.780488,0.777778,0.5,0.852459,0.75,0.571429,41,9,12,adam,0.0003,0.0,early,16,16,mobilenet,104.23,tf2.20.0|keras3.15.1|py3.13.7|Windows|cpu,2026-09-01T23:39:56+00:00
tuning,A1_early,60b3a33542,102,primary,split_v1.json,val,9654025,6425161,12,7,0.709677,0.617886,0.72549,0.902439,0.804348,0.837398,0.780488,0.777778,0.416667,0.865672,0.8,0.533333,41,9,12,adam,0.0003,0.0,early,16,16,mobilenet,202.45,tf2.20.0|keras3.15.1|py3.13.7|Windows|cpu,2026-09-01T23:43:18+00:00
tuning,A1_early,60b3a33542,103,primary,split_v1.json,val,9654025,6425161,10,5,0.758065,0.654472,0.740741,0.97561,0.842105,0.843206,0.780488,0.888889,0.583333,0.869565,0.888889,0.705882,41,9,12,adam,0.0003,0.0,early,16,16,mobilenet,175.01,tf2.20.0|keras3.15.1|py3.13.7|Windows|cpu,2026-09-01T23:46:13+00:00
tuning,A1_early,c2beaf0c5c,101,primary,split_v1.json,val,9654025,6425161,7,2,0.693548,0.570848,0.696429,0.95122,0.804124,0.821138,0.780488,0.555556,0.5,0.869565,0.6,0.666667,41,9,12,adam,0.001,0.0,early,16,16,mobilenet,120.99,tf2.20.0|keras3.15.1|py3.13.7|Windows|cpu,2026-09-01T23:48:14+00:00
tuning,A1_early,c2beaf0c5c,102,primary,split_v1.json,val,9654025,6425161,18,13,0.741935,0.653891,0.745098,0.926829,0.826087,0.875726,0.780488,0.777778,0.583333,0.865672,0.75,0.705882,41,9,12,adam,0.001,0.0,early,16,16,mobilenet,302.05,tf2.20.0|keras3.15.1|py3.13.7|Windows|cpu,2026-09-01T23:53:16+00:00
tuning,A1_early,c2beaf0c5c,103,primary,split_v1.json,val,9654025,6425161,9,4,0.774194,0.713124,0.787234,0.902439,0.840909,0.802555,0.780488,0.888889,0.666667,0.865672,0.857143,0.714286,41,9,12,adam,0.001,0.0,early,16,16,mobilenet,154.1,tf2.20.0|keras3.15.1|py3.13.7|Windows|cpu,2026-09-01T23:55:50+00:00
tuning,A1_early,89725f2454,101,primary,split_v1.json,val,9654025,6425161,10,5,0.774194,0.666667,0.745455,1.0,0.854167,0.83043,0.804878,0.777778,0.666667,0.882353,0.8,0.777778,41,9,12,rmsprop,0.0001,0.0,early,16,16,mobilenet,168.41,tf2.20.0|keras3.15.1|py3.13.7|Windows|cpu,2026-09-01T23:58:39+00:00
tuning,A1_early,89725f2454,102,primary,split_v1.json,val,9654025,6425161,10,5,0.741935,0.700348,0.790698,0.829268,0.809524,0.844367,0.780488,0.888889,0.5,0.852459,0.888889,0.571429,41,9,12,rmsprop,0.0001,0.0,early,16,16,mobilenet,164.66,tf2.20.0|keras3.15.1|py3.13.7|Windows|cpu,2026-09-02T00:01:24+00:00
tuning,A1_early,89725f2454,103,primary,split_v1.json,val,9654025,6425161,11,6,0.741935,0.688734,0.777778,0.853659,0.813953,0.85482,0.853659,0.777778,0.333333,0.90625,0.75,0.428571,41,9,12,rmsprop,0.0001,0.0,early,16,16,mobilenet,183.8,tf2.20.0|keras3.15.1|py3.13.7|Windows|cpu,2026-09-02T00:04:28+00:00
tuning,A1_early,54fb1da5c0,101,primary,split_v1.json,val,9654025,6425161,8,3,0.725806,0.606852,0.714286,0.97561,0.824742,0.865273,0.756098,0.666667,0.666667,0.852941,0.727273,0.777778,41,9,12,rmsprop,0.0003,0.0,early,16,16,mobilenet,131.9,tf2.20.0|keras3.15.1|py3.13.7|Windows|cpu,2026-09-02T00:06:40+00:00
tuning,A1_early,54fb1da5c0,102,primary,split_v1.json,val,9654025,6425161,9,4,0.709677,0.722416,0.848485,0.682927,0.756757,0.876887,0.707317,0.888889,0.583333,0.785714,0.857143,0.545455,41,9,12,rmsprop,0.0003,0.0,early,16,16,mobilenet,156.49,tf2.20.0|keras3.15.1|py3.13.7|Windows|cpu,2026-09-02T00:09:16+00:00
tuning,A1_early,54fb1da5c0,103,primary,split_v1.json,val,9654025,6425161,14,9,0.725806,0.65331,0.75,0.878049,0.808989,0.839721,0.804878,0.666667,0.5,0.875,0.666667,0.625,41,9,12,rmsprop,0.0003,0.0,early,16,16,mobilenet,227.91,tf2.20.0|keras3.15.1|py3.13.7|Windows|cpu,2026-09-02T00:13:04+00:00
tuning,A1_early,200ceaf15a,101,primary,split_v1.json,val,9654025,6425161,11,6,0.693548,0.617305,0.729167,0.853659,0.786517,0.837398,0.756098,0.555556,0.583333,0.83871,0.6,0.705882,41,9,12,rmsprop,0.001,0.0,early,16,16,mobilenet,179.24,tf2.20.0|keras3.15.1|py3.13.7|Windows|cpu,2026-09-02T00:16:03+00:00
tuning,A1_early,200ceaf15a,102,primary,split_v1.json,val,9654025,6425161,6,1,0.758065,0.735772,0.825,0.804878,0.814815,0.819977,0.707317,1.0,0.75,0.793103,1.0,0.8,41,9,12,rmsprop,0.001,0.0,early,16,16,mobilenet,127.08,tf2.20.0|keras3.15.1|py3.13.7|Windows|cpu,2026-09-02T00:18:11+00:00
tuning,A1_early,200ceaf15a,103,primary,split_v1.json,val,9654025,6425161,13,8,0.709677,0.606272,0.716981,0.926829,0.808511,0.878049,0.780488,0.666667,0.5,0.861538,0.727273,0.666667,41,9,12,rmsprop,0.001,0.0,early,16,16,mobilenet,209.3,tf2.20.0|keras3.15.1|py3.13.7|Windows|cpu,2026-09-02T00:21:40+00:00
tuning,A1_late,d91be4dd70,101,primary,split_v1.json,val,9784897,6556033,6,1,0.725806,0.641696,0.74,0.902439,0.813187,0.803717,0.731707,0.888889,0.583333,0.830769,0.888889,0.705882,41,9,12,adam,0.0001,0.0,late,16,16,mobilenet,35.66,tf2.20.0|keras3.15.1|py3.13.7|Windows|cpu,2026-09-02T00:22:16+00:00
tuning,A1_late,d91be4dd70,102,primary,split_v1.json,val,9784897,6556033,10,5,0.677419,0.570267,0.698113,0.902439,0.787234,0.850174,0.731707,0.666667,0.5,0.835821,0.666667,0.666667,41,9,12,adam,0.0001,0.0,late,16,16,mobilenet,29.59,tf2.20.0|keras3.15.1|py3.13.7|Windows|cpu,2026-09-02T00:22:46+00:00
tuning,A1_late,d91be4dd70,103,primary,split_v1.json,val,9784897,6556033,9,4,0.709677,0.675958,0.780488,0.780488,0.780488,0.83043,0.731707,0.777778,0.583333,0.819672,0.75,0.615385,41,9,12,adam,0.0001,0.0,late,16,16,mobilenet,27.17,tf2.20.0|keras3.15.1|py3.13.7|Windows|cpu,2026-09-02T00:23:13+00:00
tuning,A1_late,379fbec86f,101,primary,split_v1.json,val,9784897,6556033,7,2,0.725806,0.618467,0.722222,0.95122,0.821053,0.829268,0.756098,0.777778,0.583333,0.852941,0.8,0.705882,41,9,12,adam,0.0003,0.0,late,16,16,mobilenet,21.68,tf2.20.0|keras3.15.1|py3.13.7|Windows|cpu,2026-09-02T00:23:34+00:00
tuning,A1_late,379fbec86f,102,primary,split_v1.json,val,9784897,6556033,7,2,0.693548,0.582462,0.703704,0.926829,0.8,0.756098,0.756098,0.555556,0.583333,0.848485,0.666667,0.705882,41,9,12,adam,0.0003,0.0,late,16,16,mobilenet,21.6,tf2.20.0|keras3.15.1|py3.13.7|Windows|cpu,2026-09-02T00:23:56+00:00
tuning,A1_late,379fbec86f,103,primary,split_v1.json,val,9784897,6556033,7,2,0.774194,0.666667,0.745455,1.0,0.854167,0.885017,0.804878,0.777778,0.666667,0.882353,0.8,0.777778,41,9,12,adam,0.0003,0.0,late,16,16,mobilenet,21.99,tf2.20.0|keras3.15.1|py3.13.7|Windows|cpu,2026-09-02T00:24:18+00:00
tuning,A1_late,741e39beff,101,primary,split_v1.json,val,9784897,6556033,10,5,0.709677,0.652729,0.755556,0.829268,0.790698,0.794425,0.756098,0.777778,0.5,0.84375,0.75,0.571429,41,9,12,adam,0.001,0.0,late,16,16,mobilenet,30.87,tf2.20.0|keras3.15.1|py3.13.7|Windows|cpu,2026-09-02T00:24:49+00:00
tuning,A1_late,741e39beff,102,primary,split_v1.json,val,9784897,6556033,8,3,0.693548,0.617305,0.729167,0.853659,0.786517,0.800232,0.707317,0.888889,0.5,0.8125,0.888889,0.625,41,9,12,adam,0.001,0.0,late,16,16,mobilenet,24.46,tf2.20.0|keras3.15.1|py3.13.7|Windows|cpu,2026-09-02T00:25:14+00:00
tuning,A1_late,741e39beff,103,primary,split_v1.json,val,9784897,6556033,10,5,0.693548,0.62892,0.73913,0.829268,0.781609,0.81417,0.731707,0.777778,0.5,0.819672,0.8,0.625,41,9,12,adam,0.001,0.0,late,16,16,mobilenet,29.7,tf2.20.0|keras3.15.1|py3.13.7|Windows|cpu,2026-09-02T00:25:43+00:00
tuning,A1_late,819355c236,101,primary,split_v1.json,val,9784897,6556033,9,4,0.822581,0.796167,0.857143,0.878049,0.86747,0.868757,0.853659,0.888889,0.666667,0.9,0.888889,0.714286,41,9,12,rmsprop,0.0001,0.0,late,16,16,mobilenet,21.64,tf2.20.0|keras3.15.1|py3.13.7|Windows|cpu,2026-09-02T00:26:05+00:00
tuning,A1_late,819355c236,102,primary,split_v1.json,val,9784897,6556033,10,5,0.725806,0.734611,0.852941,0.707317,0.773333,0.85482,0.707317,0.777778,0.75,0.785714,0.75,0.727273,41,9,12,rmsprop,0.0001,0.0,late,16,16,mobilenet,23.93,tf2.20.0|keras3.15.1|py3.13.7|Windows|cpu,2026-09-02T00:26:29+00:00
tuning,A1_late,819355c236,103,primary,split_v1.json,val,9784897,6556033,9,4,0.725806,0.688153,0.785714,0.804878,0.795181,0.806039,0.731707,0.777778,0.666667,0.819672,0.75,0.714286,41,9,12,rmsprop,0.0001,0.0,late,16,16,mobilenet,21.88,tf2.20.0|keras3.15.1|py3.13.7|Windows|cpu,2026-09-02T00:26:51+00:00
tuning,A1_late,a726da1318,101,primary,split_v1.json,val,9784897,6556033,12,7,0.725806,0.630081,0.730769,0.926829,0.817204,0.833914,0.780488,0.777778,0.5,0.865672,0.8,0.625,41,9,12,rmsprop,0.0003,0.0,late,16,16,mobilenet,28.26,tf2.20.0|keras3.15.1|py3.13.7|Windows|cpu,2026-09-02T00:27:19+00:00
tuning,A1_late,a726da1318,102,primary,split_v1.json,val,9784897,6556033,11,6,0.774194,0.689895,0.764706,0.95122,0.847826,0.878049,0.756098,0.888889,0.75,0.852941,0.888889,0.8,41,9,12,rmsprop,0.0003,0.0,late,16,16,mobilenet,26.28,tf2.20.0|keras3.15.1|py3.13.7|Windows|cpu,2026-09-02T00:27:46+00:00
tuning,A1_late,a726da1318,103,primary,split_v1.json,val,9784897,6556033,12,7,0.693548,0.675377,0.789474,0.731707,0.759494,0.799071,0.707317,0.777778,0.583333,0.785714,0.75,0.666667,41,9,12,rmsprop,0.0003,0.0,late,16,16,mobilenet,28.57,tf2.20.0|keras3.15.1|py3.13.7|Windows|cpu,2026-09-02T00:28:14+00:00
tuning,A1_late,4f326b2501,101,primary,split_v1.json,val,9784897,6556033,12,7,0.725806,0.722997,0.833333,0.731707,0.779221,0.836237,0.756098,0.888889,0.5,0.827586,0.857143,0.5,41,9,12,rmsprop,0.001,0.0,late,16,16,mobilenet,28.39,tf2.20.0|keras3.15.1|py3.13.7|Windows|cpu,2026-09-02T00:28:43+00:00
tuning,A1_late,4f326b2501,102,primary,split_v1.json,val,9784897,6556033,11,6,0.677419,0.558653,0.690909,0.926829,0.791667,0.781649,0.731707,0.777778,0.416667,0.84058,0.8,0.588235,41,9,12,rmsprop,0.001,0.0,late,16,16,mobilenet,26.11,tf2.20.0|keras3.15.1|py3.13.7|Windows|cpu,2026-09-02T00:29:09+00:00
tuning,A1_late,4f326b2501,103,primary,split_v1.json,val,9784897,6556033,12,7,0.758065,0.6777,0.76,0.926829,0.835165,0.813008,0.756098,0.777778,0.75,0.848485,0.8,0.8,41,9,12,rmsprop,0.001,0.0,late,16,16,mobilenet,28.24,tf2.20.0|keras3.15.1|py3.13.7|Windows|cpu,2026-09-02T00:29:37+00:00
tuning,A1_mid,a2bdebcba3,101,primary,split_v1.json,val,9685537,6456673,14,9,0.83871,0.785134,0.829787,0.95122,0.886364,0.902439,0.902439,0.777778,0.666667,0.9375,0.75,0.75,41,9,12,adam,0.0001,0.0,mid,16,16,mobilenet,156.44,tf2.20.0|keras3.15.1|py3.13.7|Windows|cpu,2026-09-02T00:32:14+00:00
tuning,A1_mid,a2bdebcba3,102,primary,split_v1.json,val,9685537,6456673,12,7,0.774194,0.724739,0.8,0.878049,0.837209,0.865273,0.804878,0.777778,0.666667,0.875,0.75,0.714286,41,9,12,adam,0.0001,0.0,mid,16,16,mobilenet,122.42,tf2.20.0|keras3.15.1|py3.13.7|Windows|cpu,2026-09-02T00:34:16+00:00
tuning,A1_mid,a2bdebcba3,103,primary,split_v1.json,val,9685537,6456673,13,8,0.790323,0.725319,0.791667,0.926829,0.853933,0.890825,0.829268,0.777778,0.666667,0.892308,0.75,0.75,41,9,12,adam,0.0001,0.0,mid,16,16,mobilenet,134.64,tf2.20.0|keras3.15.1|py3.13.7|Windows|cpu,2026-09-02T00:36:31+00:00
tuning,A1_mid,5fb1d44785,101,primary,split_v1.json,val,9685537,6456673,19,14,0.822581,0.761324,0.8125,0.95122,0.876404,0.897793,0.878049,0.777778,0.666667,0.923077,0.75,0.75,41,9,12,adam,0.0003,0.0,mid,16,16,mobilenet,191.79,tf2.20.0|keras3.15.1|py3.13.7|Windows|cpu,2026-09-02T00:39:43+00:00
tuning,A1_mid,5fb1d44785,102,primary,split_v1.json,val,9685537,6456673,8,3,0.677419,0.558653,0.690909,0.926829,0.791667,0.737515,0.804878,0.444444,0.416667,0.882353,0.545455,0.588235,41,9,12,adam,0.0003,0.0,mid,16,16,mobilenet,83.61,tf2.20.0|keras3.15.1|py3.13.7|Windows|cpu,2026-09-02T00:41:07+00:00
tuning,A1_mid,5fb1d44785,103,primary,split_v1.json,val,9685537,6456673,10,5,0.774194,0.689895,0.764706,0.95122,0.847826,0.772358,0.829268,0.666667,0.666667,0.895522,0.666667,0.75,41,9,12,adam,0.0003,0.0,mid,16,16,mobilenet,102.8,tf2.20.0|keras3.15.1|py3.13.7|Windows|cpu,2026-09-02T00:42:49+00:00
tuning,A1_mid,9b52182b87,101,primary,split_v1.json,val,9685537,6456673,9,4,0.677419,0.558653,0.690909,0.926829,0.791667,0.792102,0.756098,0.666667,0.416667,0.857143,0.666667,0.588235,41,9,12,adam,0.001,0.0,mid,16,16,mobilenet,94.0,tf2.20.0|keras3.15.1|py3.13.7|Windows|cpu,2026-09-02T00:44:24+00:00
tuning,A1_mid,9b52182b87,102,primary,split_v1.json,val,9685537,6456673,14,9,0.822581,0.807782,0.875,0.853659,0.864198,0.826945,0.853659,0.888889,0.666667,0.9,0.857143,0.714286,41,9,12,adam,0.001,0.0,mid,16,16,mobilenet,153.41,tf2.20.0|keras3.15.1|py3.13.7|Windows|cpu,2026-09-02T00:46:57+00:00
tuning,A1_mid,9b52182b87,103,primary,split_v1.json,val,9685537,6456673,14,9,0.774194,0.70151,0.77551,0.926829,0.844444,0.881533,0.804878,0.777778,0.666667,0.878788,0.75,0.75,41,9,12,adam,0.001,0.0,mid,16,16,mobilenet,156.34,tf2.20.0|keras3.15.1|py3.13.7|Windows|cpu,2026-09-02T00:49:33+00:00
tuning,A1_mid,289184f509,101,primary,split_v1.json,val,9685537,6456673,15,10,0.822581,0.784553,0.840909,0.902439,0.870588,0.904762,0.829268,0.777778,0.833333,0.888889,0.75,0.857143,41,9,12,rmsprop,0.0001,0.0,mid,16,16,mobilenet,144.46,tf2.20.0|keras3.15.1|py3.13.7|Windows|cpu,2026-09-02T00:51:58+00:00
tuning,A1_mid,289184f509,102,primary,split_v1.json,val,9685537,6456673,10,5,0.774194,0.747967,0.829268,0.829268,0.829268,0.853659,0.780488,0.888889,0.666667,0.852459,0.857143,0.714286,41,9,12,rmsprop,0.0001,0.0,mid,16,16,mobilenet,97.83,tf2.20.0|keras3.15.1|py3.13.7|Windows|cpu,2026-09-02T00:53:36+00:00
tuning,A1_mid,289184f509,103,primary,split_v1.json,val,9685537,6456673,11,6,0.741935,0.700348,0.790698,0.829268,0.809524,0.801394,0.780488,0.777778,0.583333,0.857143,0.75,0.615385,41,9,12,rmsprop,0.0001,0.0,mid,16,16,mobilenet,109.03,tf2.20.0|keras3.15.1|py3.13.7|Windows|cpu,2026-09-02T00:55:25+00:00
tuning,A1_mid,bd6af6fbfe,101,primary,split_v1.json,val,9685537,6456673,14,9,0.790323,0.713705,0.78,0.95122,0.857143,0.924506,0.853659,0.666667,0.666667,0.909091,0.666667,0.75,41,9,12,rmsprop,0.0003,0.0,mid,16,16,mobilenet,137.21,tf2.20.0|keras3.15.1|py3.13.7|Windows|cpu,2026-09-02T00:57:42+00:00
tuning,A1_mid,bd6af6fbfe,102,primary,split_v1.json,val,9685537,6456673,9,4,0.774194,0.806039,0.935484,0.707317,0.805556,0.852497,0.780488,0.888889,0.666667,0.836364,0.857143,0.6,41,9,12,rmsprop,0.0003,0.0,mid,16,16,mobilenet,89.39,tf2.20.0|keras3.15.1|py3.13.7|Windows|cpu,2026-09-02T00:59:12+00:00
tuning,A1_mid,bd6af6fbfe,103,primary,split_v1.json,val,9685537,6456673,16,11,0.854839,0.820557,0.863636,0.926829,0.894118,0.898955,0.878049,0.777778,0.833333,0.920635,0.75,0.857143,41,9,12,rmsprop,0.0003,0.0,mid,16,16,mobilenet,155.26,tf2.20.0|keras3.15.1|py3.13.7|Windows|cpu,2026-09-02T01:01:47+00:00
tuning,A1_mid,b300ea0479,101,primary,split_v1.json,val,9685537,6456673,10,5,0.693548,0.594077,0.711538,0.902439,0.795699,0.789779,0.756098,0.666667,0.5,0.852941,0.666667,0.625,41,9,12,rmsprop,0.001,0.0,mid,16,16,mobilenet,97.68,tf2.20.0|keras3.15.1|py3.13.7|Windows|cpu,2026-09-02T01:03:25+00:00
tuning,A1_mid,b300ea0479,102,primary,split_v1.json,val,9685537,6456673,10,5,0.709677,0.629501,0.734694,0.878049,0.8,0.768873,0.756098,0.555556,0.666667,0.848485,0.5,0.75,41,9,12,rmsprop,0.001,0.0,mid,16,16,mobilenet,98.79,tf2.20.0|keras3.15.1|py3.13.7|Windows|cpu,2026-09-02T01:05:04+00:00
tuning,A1_mid,b300ea0479,103,primary,split_v1.json,val,9685537,6456673,17,12,0.822581,0.784553,0.840909,0.902439,0.870588,0.924506,0.853659,0.777778,0.75,0.903226,0.75,0.8,41,9,12,rmsprop,0.001,0.0,mid,16,16,mobilenet,163.19,tf2.20.0|keras3.15.1|py3.13.7|Windows|cpu,2026-09-02T01:07:47+00:00
tuning,A2_all,2e82e87e1a,101,primary,split_v1.json,val,9821161,6592297,8,3,0.758065,0.6777,0.76,0.926829,0.835165,0.835075,0.780488,0.777778,0.666667,0.861538,0.75,0.777778,41,9,12,adam,0.0001,0.0,all,16,16,mobilenet,172.03,tf2.20.0|keras3.15.1|py3.13.7|Windows|cpu,2026-09-02T01:10:39+00:00
tuning,A2_all,2e82e87e1a,102,primary,split_v1.json,val,9821161,6592297,15,10,0.822581,0.784553,0.840909,0.902439,0.870588,0.87108,0.853659,0.777778,0.75,0.90625,0.75,0.769231,41,9,12,adam,0.0001,0.0,all,16,16,mobilenet,280.73,tf2.20.0|keras3.15.1|py3.13.7|Windows|cpu,2026-09-02T01:15:20+00:00
tuning,A2_all,2e82e87e1a,103,primary,split_v1.json,val,9821161,6592297,13,8,0.774194,0.678281,0.754717,0.97561,0.851064,0.869919,0.780488,0.777778,0.75,0.865672,0.8,0.823529,41,9,12,adam,0.0001,0.0,all,16,16,mobilenet,247.92,tf2.20.0|keras3.15.1|py3.13.7|Windows|cpu,2026-09-02T01:19:28+00:00
tuning,A2_all,837b4b117b,101,primary,split_v1.json,val,9821161,6592297,14,9,0.774194,0.689895,0.764706,0.95122,0.847826,0.859466,0.804878,0.777778,0.666667,0.882353,0.75,0.75,41,9,12,adam,0.0003,0.0,all,16,16,mobilenet,271.66,tf2.20.0|keras3.15.1|py3.13.7|Windows|cpu,2026-09-02T01:24:00+00:00
tuning,A2_all,837b4b117b,102,primary,split_v1.json,val,9821161,6592297,16,11,0.806452,0.772358,0.837209,0.878049,0.857143,0.873403,0.853659,0.777778,0.666667,0.90625,0.75,0.666667,41,9,12,adam,0.0003,0.0,all,16,16,mobilenet,286.54,tf2.20.0|keras3.15.1|py3.13.7|Windows|cpu,2026-09-02T01:28:46+00:00
tuning,A2_all,837b4b117b,103,primary,split_v1.json,val,9821161,6592297,10,5,0.66129,0.523229,0.672414,0.95122,0.787879,0.785134,0.731707,0.555556,0.5,0.84507,0.6,0.666667,41,9,12,adam,0.0003,0.0,all,16,16,mobilenet,191.03,tf2.20.0|keras3.15.1|py3.13.7|Windows|cpu,2026-09-02T01:31:57+00:00
tuning,A2_all,867f648391,101,primary,split_v1.json,val,9821161,6592297,19,14,0.822581,0.83101,0.916667,0.804878,0.857143,0.894309,0.853659,0.777778,0.75,0.896552,0.75,0.727273,41,9,12,adam,0.001,0.0,all,16,16,mobilenet,353.5,tf2.20.0|keras3.15.1|py3.13.7|Windows|cpu,2026-09-02T01:37:51+00:00
tuning,A2_all,867f648391,102,primary,split_v1.json,val,9821161,6592297,15,10,0.822581,0.772938,0.826087,0.926829,0.873563,0.88734,0.853659,0.888889,0.666667,0.90625,0.888889,0.714286,41,9,12,adam,0.001,0.0,all,16,16,mobilenet,279.09,tf2.20.0|keras3.15.1|py3.13.7|Windows|cpu,2026-09-02T01:42:30+00:00
tuning,A2_all,867f648391,103,primary,split_v1.json,val,9821161,6592297,18,13,0.741935,0.665505,0.755102,0.902439,0.822222,0.846109,0.804878,0.666667,0.583333,0.878788,0.666667,0.666667,41,9,12,adam,0.001,0.0,all,16,16,mobilenet,332.66,tf2.20.0|keras3.15.1|py3.13.7|Windows|cpu,2026-09-02T01:48:03+00:00
tuning,A2_all,2ec191b9a9,101,primary,split_v1.json,val,9821161,6592297,11,6,0.790323,0.713705,0.78,0.95122,0.857143,0.876887,0.829268,0.555556,0.833333,0.892308,0.6,0.875,41,9,12,rmsprop,0.0001,0.0,all,16,16,mobilenet,211.25,tf2.20.0|keras3.15.1|py3.13.7|Windows|cpu,2026-09-02T01:51:34+00:00
tuning,A2_all,2ec191b9a9,102,primary,split_v1.json,val,9821161,6592297,9,4,0.774194,0.759582,0.846154,0.804878,0.825,0.815331,0.804878,0.777778,0.666667,0.862069,0.75,0.714286,41,9,12,rmsprop,0.0001,0.0,all,16,16,mobilenet,169.27,tf2.20.0|keras3.15.1|py3.13.7|Windows|cpu,2026-09-02T01:54:24+00:00
tuning,A2_all,2ec191b9a9,103,primary,split_v1.json,val,9821161,6592297,12,7,0.822581,0.761324,0.8125,0.95122,0.876404,0.793264,0.853659,0.777778,0.75,0.909091,0.75,0.8,41,9,12,rmsprop,0.0001,0.0,all,16,16,mobilenet,211.6,tf2.20.0|keras3.15.1|py3.13.7|Windows|cpu,2026-09-02T01:57:55+00:00
tuning,A2_all,befa0838c2,101,primary,split_v1.json,val,9821161,6592297,11,6,0.774194,0.713124,0.787234,0.902439,0.840909,0.858304,0.780488,0.777778,0.75,0.861538,0.75,0.8,41,9,12,rmsprop,0.0003,0.0,all,16,16,mobilenet,194.08,tf2.20.0|keras3.15.1|py3.13.7|Windows|cpu,2026-09-02T02:01:09+00:00
tuning,A2_all,befa0838c2,102,primary,split_v1.json,val,9821161,6592297,12,7,0.83871,0.831591,0.897436,0.853659,0.875,0.885017,0.853659,0.888889,0.75,0.903226,0.857143,0.727273,41,9,12,rmsprop,0.0003,0.0,all,16,16,mobilenet,217.46,tf2.20.0|keras3.15.1|py3.13.7|Windows|cpu,2026-09-02T02:04:47+00:00
tuning,A2_all,befa0838c2,103,primary,split_v1.json,val,9821161,6592297,16,11,0.774194,0.724739,0.8,0.878049,0.837209,0.818815,0.780488,0.777778,0.75,0.861538,0.75,0.769231,41,9,12,rmsprop,0.0003,0.0,all,16,16,mobilenet,272.96,tf2.20.0|keras3.15.1|py3.13.7|Windows|cpu,2026-09-02T02:09:20+00:00
tuning,A2_all,123f49dd2a,101,primary,split_v1.json,val,9821161,6592297,6,1,0.677419,0.581882,0.705882,0.878049,0.782609,0.73403,0.707317,0.666667,0.583333,0.823529,0.666667,0.666667,41,9,12,rmsprop,0.001,0.0,all,16,16,mobilenet,106.18,tf2.20.0|keras3.15.1|py3.13.7|Windows|cpu,2026-09-02T02:11:06+00:00
tuning,A2_all,123f49dd2a,102,primary,split_v1.json,val,9821161,6592297,10,5,0.693548,0.698606,0.823529,0.682927,0.746667,0.796748,0.682927,0.888889,0.583333,0.763636,0.888889,0.545455,41,9,12,rmsprop,0.001,0.0,all,16,16,mobilenet,176.69,tf2.20.0|keras3.15.1|py3.13.7|Windows|cpu,2026-09-02T02:14:03+00:00
tuning,A2_all,123f49dd2a,103,primary,split_v1.json,val,9821161,6592297,12,7,0.758065,0.654472,0.740741,0.97561,0.842105,0.836237,0.780488,0.666667,0.75,0.869565,0.727273,0.8,41,9,12,rmsprop,0.001,0.0,all,16,16,mobilenet,217.23,tf2.20.0|keras3.15.1|py3.13.7|Windows|cpu,2026-09-02T02:17:40+00:00
tuning,A2_early,96085f4421,101,primary,split_v1.json,val,9654025,6425161,9,4,0.693548,0.570848,0.696429,0.95122,0.804124,0.840883,0.756098,0.777778,0.416667,0.857143,0.8,0.588235,41,9,12,adam,0.0001,0.0,early,16,16,mobilenet,172.35,tf2.20.0|keras3.15.1|py3.13.7|Windows|cpu,2026-09-02T02:20:33+00:00
tuning,A2_early,96085f4421,102,primary,split_v1.json,val,9654025,6425161,8,3,0.693548,0.605691,0.72,0.878049,0.791209,0.774681,0.780488,0.666667,0.416667,0.865672,0.666667,0.533333,41,9,12,adam,0.0001,0.0,early,16,16,mobilenet,150.84,tf2.20.0|keras3.15.1|py3.13.7|Windows|cpu,2026-09-02T02:23:04+00:00
tuning,A2_early,96085f4421,103,primary,split_v1.json,val,9654025,6425161,11,6,0.774194,0.713124,0.787234,0.902439,0.840909,0.875726,0.829268,0.777778,0.583333,0.888889,0.8,0.666667,41,9,12,adam,0.0001,0.0,early,16,16,mobilenet,190.13,tf2.20.0|keras3.15.1|py3.13.7|Windows|cpu,2026-09-02T02:26:14+00:00
tuning,A2_early,f2bc683b96,101,primary,split_v1.json,val,9654025,6425161,7,2,0.709677,0.606272,0.716981,0.926829,0.808511,0.781649,0.731707,0.777778,0.583333,0.84058,0.75,0.705882,41,9,12,adam,0.0003,0.0,early,16,16,mobilenet,122.57,tf2.20.0|keras3.15.1|py3.13.7|Windows|cpu,2026-09-02T02:28:17+00:00
tuning,A2_early,f2bc683b96,102,primary,split_v1.json,val,9654025,6425161,20,15,0.774194,0.747967,0.829268,0.829268,0.829268,0.858304,0.804878,0.888889,0.583333,0.870968,0.857143,0.615385,41,9,12,adam,0.0003,0.0,early,16,16,mobilenet,348.97,tf2.20.0|keras3.15.1|py3.13.7|Windows|cpu,2026-09-02T02:34:06+00:00
tuning,A2_early,f2bc683b96,103,primary,split_v1.json,val,9654025,6425161,12,7,0.774194,0.736353,0.813953,0.853659,0.833333,0.837398,0.829268,0.777778,0.583333,0.892308,0.75,0.545455,41,9,12,adam,0.0003,0.0,early,16,16,mobilenet,207.37,tf2.20.0|keras3.15.1|py3.13.7|Windows|cpu,2026-09-02T02:37:33+00:00
tuning,A2_early,31ce01e49e,101,primary,split_v1.json,val,9654025,6425161,8,3,0.677419,0.547038,0.684211,0.95122,0.795918,0.826945,0.756098,0.666667,0.416667,0.857143,0.727273,0.588235,41,9,12,adam,0.001,0.0,early,16,16,mobilenet,164.5,tf2.20.0|keras3.15.1|py3.13.7|Windows|cpu,2026-09-02T02:40:18+00:00
tuning,A2_early,31ce01e49e,102,primary,split_v1.json,val,9654025,6425161,12,7,0.725806,0.630081,0.730769,0.926829,0.817204,0.821138,0.756098,0.777778,0.583333,0.852941,0.8,0.666667,41,9,12,adam,0.001,0.0,early,16,16,mobilenet,210.45,tf2.20.0|keras3.15.1|py3.13.7|Windows|cpu,2026-09-02T02:43:48+00:00
tuning,A2_early,31ce01e49e,103,primary,split_v1.json,val,9654025,6425161,12,7,0.741935,0.665505,0.755102,0.902439,0.822222,0.807201,0.804878,0.777778,0.5,0.882353,0.75,0.571429,41,9,12,adam,0.001,0.0,early,16,16,mobilenet,223.95,tf2.20.0|keras3.15.1|py3.13.7|Windows|cpu,2026-09-02T02:47:32+00:00
tuning,A2_early,365890adbb,101,primary,split_v1.json,val,9654025,6425161,8,3,0.709677,0.606272,0.716981,0.926829,0.808511,0.831591,0.756098,0.777778,0.5,0.852941,0.8,0.625,41,9,12,rmsprop,0.0001,0.0,early,16,16,mobilenet,143.56,tf2.20.0|keras3.15.1|py3.13.7|Windows|cpu,2026-09-02T02:49:56+00:00
tuning,A2_early,365890adbb,102,primary,split_v1.json,val,9654025,6425161,11,6,0.725806,0.676539,0.772727,0.829268,0.8,0.811847,0.731707,1.0,0.5,0.825397,1.0,0.571429,41,9,12,rmsprop,0.0001,0.0,early,16,16,mobilenet,187.7,tf2.20.0|keras3.15.1|py3.13.7|Windows|cpu,2026-09-02T02:53:04+00:00
tuning,A2_early,365890adbb,103,primary,split_v1.json,val,9654025,6425161,7,2,0.741935,0.653891,0.745098,0.926829,0.826087,0.797909,0.780488,0.666667,0.666667,0.865672,0.666667,0.75,41,9,12,rmsprop,0.0001,0.0,early,16,16,mobilenet,121.93,tf2.20.0|keras3.15.1|py3.13.7|Windows|cpu,2026-09-02T02:55:06+00:00
tuning,A2_early,733d2aee17,101,primary,split_v1.json,val,9654025,6425161,8,3,0.758065,0.666086,0.75,0.95122,0.83871,0.872242,0.804878,0.777778,0.583333,0.882353,0.75,0.705882,41,9,12,rmsprop,0.0003,0.0,early,16,16,mobilenet,136.35,tf2.20.0|keras3.15.1|py3.13.7|Windows|cpu,2026-09-02T02:57:22+00:00
tuning,A2_early,733d2aee17,102,primary,split_v1.json,val,9654025,6425161,6,1,0.758065,0.700929,0.782609,0.878049,0.827586,0.774681,0.756098,0.888889,0.666667,0.84375,0.857143,0.75,41,9,12,rmsprop,0.0003,0.0,early,16,16,mobilenet,109.52,tf2.20.0|keras3.15.1|py3.13.7|Windows|cpu,2026-09-02T02:59:12+00:00
tuning,A2_early,733d2aee17,103,primary,split_v1.json,val,9654025,6425161,10,5,0.758065,0.712544,0.795455,0.853659,0.823529,0.797909,0.804878,0.777778,0.583333,0.875,0.75,0.615385,41,9,12,rmsprop,0.0003,0.0,early,16,16,mobilenet,176.19,tf2.20.0|keras3.15.1|py3.13.7|Windows|cpu,2026-09-02T03:02:08+00:00
tuning,A2_early,794fc4ed0e,101,primary,split_v1.json,val,9654025,6425161,11,6,0.693548,0.617305,0.729167,0.853659,0.786517,0.845528,0.707317,0.666667,0.666667,0.806452,0.666667,0.777778,41,9,12,rmsprop,0.001,0.0,early,16,16,mobilenet,193.09,tf2.20.0|keras3.15.1|py3.13.7|Windows|cpu,2026-09-02T03:05:21+00:00
tuning,A2_early,794fc4ed0e,102,primary,split_v1.json,val,9654025,6425161,7,2,0.725806,0.65331,0.75,0.878049,0.808989,0.770035,0.780488,0.666667,0.583333,0.857143,0.727273,0.666667,41,9,12,rmsprop,0.001,0.0,early,16,16,mobilenet,123.82,tf2.20.0|keras3.15.1|py3.13.7|Windows|cpu,2026-09-02T03:07:25+00:00
tuning,A2_early,794fc4ed0e,103,primary,split_v1.json,val,9654025,6425161,8,3,0.629032,0.603368,0.736842,0.682927,0.708861,0.696864,0.682927,0.666667,0.416667,0.786885,0.571429,0.363636,41,9,12,rmsprop,0.001,0.0,early,16,16,mobilenet,142.5,tf2.20.0|keras3.15.1|py3.13.7|Windows|cpu,2026-09-02T03:09:48+00:00
tuning,A2_late,6ca51c9d48,101,primary,split_v1.json,val,9784897,6556033,6,1,0.725806,0.641696,0.74,0.902439,0.813187,0.802555,0.731707,0.888889,0.583333,0.830769,0.888889,0.705882,41,9,12,adam,0.0001,0.0,late,16,16,mobilenet,35.5,tf2.20.0|keras3.15.1|py3.13.7|Windows|cpu,2026-09-02T03:10:24+00:00
tuning,A2_late,6ca51c9d48,102,primary,split_v1.json,val,9784897,6556033,13,8,0.725806,0.630081,0.730769,0.926829,0.817204,0.842044,0.780488,0.666667,0.583333,0.865672,0.666667,0.705882,41,9,12,adam,0.0001,0.0,late,16,16,mobilenet,38.79,tf2.20.0|keras3.15.1|py3.13.7|Windows|cpu,2026-09-02T03:11:02+00:00
tuning,A2_late,6ca51c9d48,103,primary,split_v1.json,val,9784897,6556033,9,4,0.709677,0.675958,0.780488,0.780488,0.780488,0.83043,0.731707,0.777778,0.583333,0.819672,0.75,0.615385,41,9,12,adam,0.0001,0.0,late,16,16,mobilenet,27.4,tf2.20.0|keras3.15.1|py3.13.7|Windows|cpu,2026-09-02T03:11:30+00:00
tuning,A2_late,144d3e70ad,101,primary,split_v1.json,val,9784897,6556033,7,2,0.725806,0.618467,0.722222,0.95122,0.821053,0.828107,0.756098,0.777778,0.583333,0.852941,0.8,0.705882,41,9,12,adam,0.0003,0.0,late,16,16,mobilenet,21.89,tf2.20.0|keras3.15.1|py3.13.7|Windows|cpu,2026-09-02T03:11:52+00:00
tuning,A2_late,144d3e70ad,102,primary,split_v1.json,val,9784897,6556033,7,2,0.693548,0.582462,0.703704,0.926829,0.8,0.756098,0.756098,0.555556,0.583333,0.848485,0.666667,0.705882,41,9,12,adam,0.0003,0.0,late,16,16,mobilenet,21.67,tf2.20.0|keras3.15.1|py3.13.7|Windows|cpu,2026-09-02T03:12:14+00:00
tuning,A2_late,144d3e70ad,103,primary,split_v1.json,val,9784897,6556033,7,2,0.774194,0.666667,0.745455,1.0,0.854167,0.876887,0.804878,0.777778,0.666667,0.882353,0.8,0.777778,41,9,12,adam,0.0003,0.0,late,16,16,mobilenet,21.47,tf2.20.0|keras3.15.1|py3.13.7|Windows|cpu,2026-09-02T03:12:35+00:00
tuning,A2_late,6f9e402b9e,101,primary,split_v1.json,val,9784897,6556033,16,11,0.806452,0.772358,0.837209,0.878049,0.857143,0.881533,0.853659,0.777778,0.666667,0.903226,0.75,0.714286,41,9,12,adam,0.001,0.0,late,16,16,mobilenet,45.99,tf2.20.0|keras3.15.1|py3.13.7|Windows|cpu,2026-09-02T03:13:21+00:00
tuning,A2_late,6f9e402b9e,102,primary,split_v1.json,val,9784897,6556033,9,4,0.693548,0.594077,0.711538,0.902439,0.795699,0.84669,0.780488,0.666667,0.416667,0.861538,0.727273,0.588235,41,9,12,adam,0.001,0.0,late,16,16,mobilenet,30.27,tf2.20.0|keras3.15.1|py3.13.7|Windows|cpu,2026-09-02T03:13:52+00:00
tuning,A2_late,6f9e402b9e,103,primary,split_v1.json,val,9784897,6556033,10,5,0.709677,0.629501,0.734694,0.878049,0.8,0.810685,0.756098,0.888889,0.416667,0.84375,0.888889,0.588235,41,9,12,adam,0.001,0.0,late,16,16,mobilenet,34.03,tf2.20.0|keras3.15.1|py3.13.7|Windows|cpu,2026-09-02T03:14:26+00:00
tuning,A2_late,a5147c1bb2,101,primary,split_v1.json,val,9784897,6556033,12,7,0.741935,0.711963,0.804878,0.804878,0.804878,0.853659,0.756098,1.0,0.5,0.827586,1.0,0.625,41,9,12,rmsprop,0.0001,0.0,late,16,16,mobilenet,31.77,tf2.20.0|keras3.15.1|py3.13.7|Windows|cpu,2026-09-02T03:14:58+00:00
tuning,A2_late,a5147c1bb2,102,primary,split_v1.json,val,9784897,6556033,8,3,0.758065,0.700929,0.782609,0.878049,0.827586,0.825784,0.804878,0.888889,0.5,0.878788,0.857143,0.571429,41,9,12,rmsprop,0.0001,0.0,late,16,16,mobilenet,22.93,tf2.20.0|keras3.15.1|py3.13.7|Windows|cpu,2026-09-02T03:15:21+00:00
tuning,A2_late,a5147c1bb2,103,primary,split_v1.json,val,9784897,6556033,9,4,0.709677,0.652729,0.755556,0.829268,0.790698,0.801394,0.756098,0.777778,0.5,0.83871,0.75,0.625,41,9,12,rmsprop,0.0001,0.0,late,16,16,mobilenet,25.16,tf2.20.0|keras3.15.1|py3.13.7|Windows|cpu,2026-09-02T03:15:46+00:00
tuning,A2_late,6187c0b4d5,101,primary,split_v1.json,val,9784897,6556033,12,7,0.790323,0.736934,0.804348,0.902439,0.850575,0.825784,0.829268,0.888889,0.583333,0.895522,0.857143,0.615385,41,9,12,rmsprop,0.0003,0.0,late,16,16,mobilenet,32.16,tf2.20.0|keras3.15.1|py3.13.7|Windows|cpu,2026-09-02T03:16:18+00:00
tuning,A2_late,6187c0b4d5,102,primary,split_v1.json,val,9784897,6556033,15,10,0.725806,0.699768,0.8,0.780488,0.790123,0.861789,0.756098,0.777778,0.583333,0.833333,0.75,0.615385,41,9,12,rmsprop,0.0003,0.0,late,16,16,mobilenet,41.89,tf2.20.0|keras3.15.1|py3.13.7|Windows|cpu,2026-09-02T03:17:00+00:00
tuning,A2_late,6187c0b4d5,103,primary,split_v1.json,val,9784897,6556033,7,2,0.725806,0.664925,0.76087,0.853659,0.804598,0.737515,0.756098,0.777778,0.583333,0.83871,0.8,0.666667,41,9,12,rmsprop,0.0003,0.0,late,16,16,mobilenet,42.13,tf2.20.0|keras3.15.1|py3.13.7|Windows|cpu,2026-09-02T04:53:44+00:00
tuning,A2_late,1fb1c539fd,101,primary,split_v1.json,val,9784897,6556033,11,6,0.725806,0.688153,0.785714,0.804878,0.795181,0.799071,0.756098,0.777778,0.583333,0.84375,0.75,0.545455,41,9,12,rmsprop,0.001,0.0,late,16,16,mobilenet,29.33,tf2.20.0|keras3.15.1|py3.13.7|Windows|cpu,2026-09-02T04:54:13+00:00
tuning,A2_late,1fb1c539fd,102,primary,split_v1.json,val,9784897,6556033,7,2,0.709677,0.617886,0.72549,0.902439,0.804348,0.706156,0.780488,0.555556,0.583333,0.861538,0.6,0.705882,41,9,12,rmsprop,0.001,0.0,late,16,16,mobilenet,19.77,tf2.20.0|keras3.15.1|py3.13.7|Windows|cpu,2026-09-02T04:54:33+00:00
tuning,A2_late,1fb1c539fd,103,primary,split_v1.json,val,9784897,6556033,11,6,0.677419,0.60511,0.723404,0.829268,0.772727,0.815331,0.707317,0.777778,0.5,0.8125,0.75,0.625,41,9,12,rmsprop,0.001,0.0,late,16,16,mobilenet,29.3,tf2.20.0|keras3.15.1|py3.13.7|Windows|cpu,2026-09-02T04:55:02+00:00
tuning,A2_mid,a6e097409a,101,primary,split_v1.json,val,9685537,6456673,28,23,0.83871,0.819977,0.878049,0.878049,0.878049,0.904762,0.878049,0.777778,0.75,0.918033,0.75,0.769231,41,9,12,adam,0.0001,0.0,mid,16,16,mobilenet,344.78,tf2.20.0|keras3.15.1|py3.13.7|Windows|cpu,2026-09-02T05:00:47+00:00
tuning,A2_mid,a6e097409a,102,primary,split_v1.json,val,9685537,6456673,11,6,0.758065,0.6777,0.76,0.926829,0.835165,0.896632,0.829268,0.777778,0.5,0.895522,0.75,0.625,41,9,12,adam,0.0001,0.0,mid,16,16,mobilenet,114.17,tf2.20.0|keras3.15.1|py3.13.7|Windows|cpu,2026-09-02T05:02:42+00:00
tuning,A2_mid,a6e097409a,103,primary,split_v1.json,val,9685537,6456673,9,4,0.790323,0.725319,0.791667,0.926829,0.853933,0.87921,0.829268,0.777778,0.666667,0.892308,0.8,0.714286,41,9,12,adam,0.0001,0.0,mid,16,16,mobilenet,92.25,tf2.20.0|keras3.15.1|py3.13.7|Windows|cpu,2026-09-02T05:04:14+00:00
tuning,A2_mid,4ac5d53dad,101,primary,split_v1.json,val,9685537,6456673,17,12,0.83871,0.796748,0.844444,0.926829,0.883721,0.860627,0.926829,0.777778,0.583333,0.952381,0.75,0.666667,41,9,12,adam,0.0003,0.0,mid,16,16,mobilenet,195.95,tf2.20.0|keras3.15.1|py3.13.7|Windows|cpu,2026-09-02T05:07:30+00:00
tuning,A2_mid,4ac5d53dad,102,primary,split_v1.json,val,9685537,6456673,14,9,0.806452,0.772358,0.837209,0.878049,0.857143,0.858304,0.853659,0.777778,0.666667,0.903226,0.75,0.714286,41,9,12,adam,0.0003,0.0,mid,16,16,mobilenet,143.5,tf2.20.0|keras3.15.1|py3.13.7|Windows|cpu,2026-09-02T05:09:53+00:00
tuning,A2_mid,4ac5d53dad,103,primary,split_v1.json,val,9685537,6456673,11,6,0.725806,0.630081,0.730769,0.926829,0.817204,0.853659,0.780488,0.666667,0.583333,0.865672,0.666667,0.705882,41,9,12,adam,0.0003,0.0,mid,16,16,mobilenet,113.01,tf2.20.0|keras3.15.1|py3.13.7|Windows|cpu,2026-09-02T05:11:47+00:00
tuning,A2_mid,9ef40fe740,101,primary,split_v1.json,val,9685537,6456673,9,4,0.741935,0.642276,0.735849,0.95122,0.829787,0.806039,0.780488,0.777778,0.583333,0.869565,0.75,0.705882,41,9,12,adam,0.001,0.0,mid,16,16,mobilenet,94.03,tf2.20.0|keras3.15.1|py3.13.7|Windows|cpu,2026-09-02T05:13:21+00:00
tuning,A2_mid,9ef40fe740,102,primary,split_v1.json,val,9685537,6456673,13,8,0.66129,0.546458,0.685185,0.902439,0.778947,0.83043,0.756098,0.444444,0.5,0.848485,0.545455,0.666667,41,9,12,adam,0.001,0.0,mid,16,16,mobilenet,132.96,tf2.20.0|keras3.15.1|py3.13.7|Windows|cpu,2026-09-02T05:15:34+00:00
tuning,A2_mid,9ef40fe740,103,primary,split_v1.json,val,9685537,6456673,14,9,0.725806,0.606852,0.714286,0.97561,0.824742,0.898955,0.780488,0.555556,0.666667,0.869565,0.6,0.777778,41,9,12,adam,0.001,0.0,mid,16,16,mobilenet,151.93,tf2.20.0|keras3.15.1|py3.13.7|Windows|cpu,2026-09-02T05:18:06+00:00
tuning,A2_mid,eec86854f2,101,primary,split_v1.json,val,9685537,6456673,15,10,0.806452,0.760743,0.822222,0.902439,0.860465,0.885017,0.853659,0.777778,0.666667,0.90625,0.75,0.714286,41,9,12,rmsprop,0.0001,0.0,mid,16,16,mobilenet,164.1,tf2.20.0|keras3.15.1|py3.13.7|Windows|cpu,2026-09-02T05:20:50+00:00
tuning,A2_mid,eec86854f2,102,primary,split_v1.json,val,9685537,6456673,8,3,0.758065,0.666086,0.75,0.95122,0.83871,0.833914,0.829268,0.666667,0.583333,0.892308,0.727273,0.705882,41,9,12,rmsprop,0.0001,0.0,mid,16,16,mobilenet,101.9,tf2.20.0|keras3.15.1|py3.13.7|Windows|cpu,2026-09-02T05:22:32+00:00
tuning,A2_mid,eec86854f2,103,primary,split_v1.json,val,9685537,6456673,14,9,0.83871,0.819977,0.878049,0.878049,0.878049,0.88734,0.878049,0.777778,0.75,0.918033,0.75,0.769231,41,9,12,rmsprop,0.0001,0.0,mid,16,16,mobilenet,163.97,tf2.20.0|keras3.15.1|py3.13.7|Windows|cpu,2026-09-02T05:25:16+00:00
tuning,A2_mid,d8fa4e3dbc,101,primary,split_v1.json,val,9685537,6456673,8,3,0.677419,0.535424,0.677966,0.97561,0.8,0.811847,0.731707,0.555556,0.583333,0.84507,0.6,0.736842,41,9,12,rmsprop,0.0003,0.0,mid,16,16,mobilenet,89.97,tf2.20.0|keras3.15.1|py3.13.7|Windows|cpu,2026-09-02T05:26:46+00:00
tuning,A2_mid,d8fa4e3dbc,102,primary,split_v1.json,val,9685537,6456673,16,11,0.790323,0.713705,0.78,0.95122,0.857143,0.900116,0.829268,0.777778,0.666667,0.895522,0.75,0.75,41,9,12,rmsprop,0.0003,0.0,mid,16,16,mobilenet,172.79,tf2.20.0|keras3.15.1|py3.13.7|Windows|cpu,2026-09-02T05:29:39+00:00
tuning,A2_mid,d8fa4e3dbc,103,primary,split_v1.json,val,9685537,6456673,11,6,0.758065,0.6777,0.76,0.926829,0.835165,0.793264,0.804878,0.777778,0.583333,0.882353,0.75,0.666667,41,9,12,rmsprop,0.0003,0.0,mid,16,16,mobilenet,119.53,tf2.20.0|keras3.15.1|py3.13.7|Windows|cpu,2026-09-02T05:31:39+00:00
tuning,A2_mid,ff1e303ce9,101,primary,split_v1.json,val,9685537,6456673,10,5,0.758065,0.689315,0.770833,0.902439,0.831461,0.815331,0.804878,0.777778,0.583333,0.878788,0.75,0.666667,41,9,12,rmsprop,0.001,0.0,mid,16,16,mobilenet,109.16,tf2.20.0|keras3.15.1|py3.13.7|Windows|cpu,2026-09-02T05:33:28+00:00
tuning,A2_mid,ff1e303ce9,102,primary,split_v1.json,val,9685537,6456673,13,8,0.806452,0.737515,0.795918,0.95122,0.866667,0.869919,0.804878,0.777778,0.833333,0.882353,0.75,0.857143,41,9,12,rmsprop,0.001,0.0,mid,16,16,mobilenet,140.93,tf2.20.0|keras3.15.1|py3.13.7|Windows|cpu,2026-09-02T05:35:49+00:00
tuning,A2_mid,ff1e303ce9,103,primary,split_v1.json,val,9685537,6456673,11,6,0.758065,0.666086,0.75,0.95122,0.83871,0.878049,0.756098,0.777778,0.75,0.852941,0.75,0.823529,41,9,12,rmsprop,0.001,0.0,mid,16,16,mobilenet,121.5,tf2.20.0|keras3.15.1|py3.13.7|Windows|cpu,2026-09-02T05:37:51+00:00
tuning,A0,fd74524fd5,101,primary,split_v1.json,val,9651649,6422785,6,1,0.693548,0.570848,0.696429,0.95122,0.804124,0.744483,0.707317,0.666667,0.666667,0.823529,0.727273,0.777778,41,9,12,adam,0.0001,0.0,,16,16,mobilenet,38.95,tf2.20.0|keras3.15.1|py3.13.7|Windows|cpu,2026-09-02T05:38:44+00:00
tuning,A0,fd74524fd5,102,primary,split_v1.json,val,9651649,6422785,12,7,0.758065,0.6777,0.76,0.926829,0.835165,0.825784,0.780488,0.777778,0.666667,0.861538,0.8,0.75,41,9,12,adam,0.0001,0.0,,16,16,mobilenet,37.36,tf2.20.0|keras3.15.1|py3.13.7|Windows|cpu,2026-09-02T05:39:22+00:00
tuning,A3,9c4a50a986,103,primary,split_v1.json,val,9651652,6422788,10,5,0.709677,0.641115,0.744681,0.853659,0.795455,0.790941,0.804878,0.666667,0.416667,0.875,0.666667,0.533333,41,9,12,adam,0.0001,0.0,,16,16,mobilenet,32.25,tf2.20.0|keras3.15.1|py3.13.7|Windows|cpu,2026-09-02T05:39:54+00:00
tuning,A0,fd74524fd5,103,primary,split_v1.json,val,9651649,6422785,11,6,0.725806,0.664925,0.76087,0.853659,0.804598,0.800232,0.756098,0.777778,0.583333,0.848485,0.75,0.615385,41,9,12,adam,0.0001,0.0,,16,16,mobilenet,34.73,tf2.20.0|keras3.15.1|py3.13.7|Windows|cpu,2026-09-02T05:40:29+00:00
tuning,A3,de6bcf5d00,101,primary,split_v1.json,val,9651652,6422788,8,3,0.741935,0.642276,0.735849,0.95122,0.829787,0.790941,0.756098,0.888889,0.583333,0.857143,0.888889,0.666667,41,9,12,adam,0.0003,0.0,,16,16,mobilenet,24.17,tf2.20.0|keras3.15.1|py3.13.7|Windows|cpu,2026-09-02T05:40:53+00:00
tuning,A0,0b3020cd77,101,primary,split_v1.json,val,9651649,6422785,9,4,0.725806,0.65331,0.75,0.878049,0.808989,0.833914,0.756098,0.888889,0.5,0.84375,0.888889,0.625,41,9,12,adam,0.0003,0.0,,16,16,mobilenet,27.37,tf2.20.0|keras3.15.1|py3.13.7|Windows|cpu,2026-09-02T05:41:21+00:00
tuning,A3,de6bcf5d00,102,primary,split_v1.json,val,9651652,6422788,12,7,0.725806,0.65331,0.75,0.878049,0.808989,0.829268,0.780488,0.666667,0.583333,0.861538,0.666667,0.666667,41,9,12,adam,0.0003,0.0,,16,16,mobilenet,35.57,tf2.20.0|keras3.15.1|py3.13.7|Windows|cpu,2026-09-02T05:41:57+00:00
tuning,A0,0b3020cd77,102,primary,split_v1.json,val,9651649,6422785,9,4,0.725806,0.618467,0.722222,0.95122,0.821053,0.832753,0.780488,0.777778,0.5,0.869565,0.8,0.625,41,9,12,adam,0.0003,0.0,,16,16,mobilenet,27.47,tf2.20.0|keras3.15.1|py3.13.7|Windows|cpu,2026-09-02T05:42:24+00:00
tuning,A3,de6bcf5d00,103,primary,split_v1.json,val,9651652,6422788,10,5,0.725806,0.630081,0.730769,0.926829,0.817204,0.826945,0.756098,0.777778,0.583333,0.852941,0.8,0.666667,41,9,12,adam,0.0003,0.0,,16,16,mobilenet,29.64,tf2.20.0|keras3.15.1|py3.13.7|Windows|cpu,2026-09-02T05:42:54+00:00
tuning,A0,0b3020cd77,103,primary,split_v1.json,val,9651649,6422785,9,4,0.709677,0.617886,0.72549,0.902439,0.804348,0.816492,0.731707,0.777778,0.583333,0.835821,0.8,0.666667,41,9,12,adam,0.0003,0.0,,16,16,mobilenet,29.92,tf2.20.0|keras3.15.1|py3.13.7|Windows|cpu,2026-09-02T05:43:24+00:00
tuning,A3,23641f9c0f,101,primary,split_v1.json,val,9651652,6422788,9,4,0.709677,0.594657,0.709091,0.95122,0.8125,0.788618,0.780488,0.666667,0.5,0.869565,0.666667,0.666667,41,9,12,adam,0.001,0.0,,16,16,mobilenet,27.3,tf2.20.0|keras3.15.1|py3.13.7|Windows|cpu,2026-09-02T05:43:51+00:00
tuning,A0,617ce921b2,101,primary,split_v1.json,val,9651649,6422785,12,7,0.709677,0.641115,0.744681,0.853659,0.795455,0.826945,0.731707,0.777778,0.583333,0.830769,0.8,0.615385,41,9,12,adam,0.001,0.0,,16,16,mobilenet,35.26,tf2.20.0|keras3.15.1|py3.13.7|Windows|cpu,2026-09-02T05:44:27+00:00
tuning,A3,23641f9c0f,102,primary,split_v1.json,val,9651652,6422788,13,8,0.709677,0.652729,0.755556,0.829268,0.790698,0.847851,0.731707,0.777778,0.583333,0.830769,0.75,0.615385,41,9,12,adam,0.001,0.0,,16,16,mobilenet,37.78,tf2.20.0|keras3.15.1|py3.13.7|Windows|cpu,2026-09-02T05:45:05+00:00
tuning,A0,617ce921b2,102,primary,split_v1.json,val,9651649,6422785,13,8,0.741935,0.688734,0.777778,0.853659,0.813953,0.801394,0.804878,0.777778,0.5,0.875,0.75,0.571429,41,9,12,adam,0.001,0.0,,16,16,mobilenet,37.37,tf2.20.0|keras3.15.1|py3.13.7|Windows|cpu,2026-09-02T05:45:42+00:00
tuning,A3,23641f9c0f,103,primary,split_v1.json,val,9651652,6422788,16,11,0.725806,0.618467,0.722222,0.95122,0.821053,0.84669,0.780488,0.777778,0.5,0.869565,0.8,0.625,41,9,12,adam,0.001,0.0,,16,16,mobilenet,45.63,tf2.20.0|keras3.15.1|py3.13.7|Windows|cpu,2026-09-02T05:46:28+00:00
tuning,A0,617ce921b2,103,primary,split_v1.json,val,9651649,6422785,14,9,0.709677,0.617886,0.72549,0.902439,0.804348,0.811847,0.756098,0.666667,0.583333,0.848485,0.666667,0.705882,41,9,12,adam,0.001,0.0,,16,16,mobilenet,40.18,tf2.20.0|keras3.15.1|py3.13.7|Windows|cpu,2026-09-02T05:47:08+00:00
tuning,A3,9ebef067dd,101,primary,split_v1.json,val,9651652,6422788,8,3,0.725806,0.641696,0.74,0.902439,0.813187,0.823461,0.756098,0.777778,0.583333,0.848485,0.75,0.705882,41,9,12,rmsprop,0.0001,0.0,,16,16,mobilenet,19.38,tf2.20.0|keras3.15.1|py3.13.7|Windows|cpu,2026-09-02T05:47:28+00:00
tuning,A0,2d62221d9b,101,primary,split_v1.json,val,9651649,6422785,10,5,0.741935,0.665505,0.755102,0.902439,0.822222,0.782811,0.731707,0.777778,0.75,0.835821,0.75,0.8,41,9,12,rmsprop,0.0001,0.0,,16,16,mobilenet,24.9,tf2.20.0|keras3.15.1|py3.13.7|Windows|cpu,2026-09-02T05:47:53+00:00
tuning,A3,9ebef067dd,102,primary,split_v1.json,val,9651652,6422788,7,2,0.774194,0.724739,0.8,0.878049,0.837209,0.8223,0.780488,0.888889,0.666667,0.857143,0.888889,0.714286,41,9,12,rmsprop,0.0001,0.0,,16,16,mobilenet,17.44,tf2.20.0|keras3.15.1|py3.13.7|Windows|cpu,2026-09-02T05:48:10+00:00
tuning,A0,2d62221d9b,102,primary,split_v1.json,val,9651649,6422785,9,4,0.677419,0.593496,0.714286,0.853659,0.777778,0.785134,0.731707,0.666667,0.5,0.835821,0.666667,0.571429,41,9,12,rmsprop,0.0001,0.0,,16,16,mobilenet,21.63,tf2.20.0|keras3.15.1|py3.13.7|Windows|cpu,2026-09-02T05:48:32+00:00
tuning,A3,9ebef067dd,103,primary,split_v1.json,val,9651652,6422788,6,1,0.741935,0.67712,0.765957,0.878049,0.818182,0.765389,0.756098,0.666667,0.75,0.84375,0.727273,0.769231,41,9,12,rmsprop,0.0001,0.0,,16,16,mobilenet,15.25,tf2.20.0|keras3.15.1|py3.13.7|Windows|cpu,2026-09-02T05:48:47+00:00
tuning,A0,2d62221d9b,103,primary,split_v1.json,val,9651649,6422785,6,1,0.758065,0.735772,0.825,0.804878,0.814815,0.780488,0.731707,0.777778,0.833333,0.813559,0.8,0.833333,41,9,12,rmsprop,0.0001,0.0,,16,16,mobilenet,15.67,tf2.20.0|keras3.15.1|py3.13.7|Windows|cpu,2026-09-02T05:49:03+00:00
tuning,A3,9783eae6fa,101,primary,split_v1.json,val,9651652,6422788,8,3,0.693548,0.686992,0.805556,0.707317,0.753247,0.813008,0.731707,0.777778,0.5,0.807018,0.75,0.5,41,9,12,rmsprop,0.0003,0.0,,16,16,mobilenet,19.33,tf2.20.0|keras3.15.1|py3.13.7|Windows|cpu,2026-09-02T05:49:22+00:00
tuning,A0,5cf33c73df,101,primary,split_v1.json,val,9651649,6422785,8,3,0.709677,0.687573,0.794872,0.756098,0.775,0.803717,0.707317,0.777778,0.666667,0.8,0.75,0.666667,41,9,12,rmsprop,0.0003,0.0,,16,16,mobilenet,19.36,tf2.20.0|keras3.15.1|py3.13.7|Windows|cpu,2026-09-02T05:49:42+00:00
tuning,A3,9783eae6fa,102,primary,split_v1.json,val,9651652,6422788,10,5,0.725806,0.641696,0.74,0.902439,0.813187,0.781649,0.756098,0.777778,0.583333,0.848485,0.8,0.666667,41,9,12,rmsprop,0.0003,0.0,,16,16,mobilenet,24.98,tf2.20.0|keras3.15.1|py3.13.7|Windows|cpu,2026-09-02T05:50:07+00:00
tuning,A0,5cf33c73df,102,primary,split_v1.json,val,9651649,6422785,8,3,0.66129,0.558072,0.692308,0.878049,0.774194,0.752613,0.707317,0.555556,0.583333,0.806452,0.666667,0.736842,41,9,12,rmsprop,0.0003,0.0,,16,16,mobilenet,19.39,tf2.20.0|keras3.15.1|py3.13.7|Windows|cpu,2026-09-02T05:50:27+00:00
tuning,A3,9783eae6fa,103,primary,split_v1.json,val,9651652,6422788,8,3,0.66129,0.534843,0.678571,0.926829,0.783505,0.765389,0.707317,0.666667,0.5,0.828571,0.727273,0.625,41,9,12,rmsprop,0.0003,0.0,,16,16,mobilenet,19.36,tf2.20.0|keras3.15.1|py3.13.7|Windows|cpu,2026-09-02T05:50:46+00:00
tuning,A0,5cf33c73df,103,primary,split_v1.json,val,9651649,6422785,8,3,0.725806,0.641696,0.74,0.902439,0.813187,0.694541,0.780488,0.666667,0.583333,0.861538,0.666667,0.705882,41,9,12,rmsprop,0.0003,0.0,,16,16,mobilenet,20.03,tf2.20.0|keras3.15.1|py3.13.7|Windows|cpu,2026-09-02T05:51:06+00:00
tuning,A3,d818b9c55e,101,primary,split_v1.json,val,9651652,6422788,10,5,0.709677,0.641115,0.744681,0.853659,0.795455,0.764228,0.731707,0.666667,0.666667,0.830769,0.666667,0.714286,41,9,12,rmsprop,0.001,0.0,,16,16,mobilenet,23.42,tf2.20.0|keras3.15.1|py3.13.7|Windows|cpu,2026-09-02T05:51:30+00:00
tuning,A0,7a049f71c7,101,primary,split_v1.json,val,9651649,6422785,9,4,0.677419,0.663182,0.783784,0.707317,0.74359,0.768873,0.707317,0.666667,0.583333,0.785714,0.666667,0.615385,41,9,12,rmsprop,0.001,0.0,,16,16,mobilenet,21.38,tf2.20.0|keras3.15.1|py3.13.7|Windows|cpu,2026-09-02T05:51:51+00:00
tuning,A3,d818b9c55e,102,primary,split_v1.json,val,9651652,6422788,11,6,0.725806,0.664925,0.76087,0.853659,0.804598,0.788618,0.731707,1.0,0.5,0.825397,1.0,0.625,41,9,12,rmsprop,0.001,0.0,,16,16,mobilenet,26.55,tf2.20.0|keras3.15.1|py3.13.7|Windows|cpu,2026-09-02T05:52:18+00:00
tuning,A0,7a049f71c7,102,primary,split_v1.json,val,9651649,6422785,11,6,0.725806,0.630081,0.730769,0.926829,0.817204,0.810685,0.780488,0.666667,0.583333,0.861538,0.666667,0.736842,41,9,12,rmsprop,0.001,0.0,,16,16,mobilenet,25.3,tf2.20.0|keras3.15.1|py3.13.7|Windows|cpu,2026-09-02T05:52:43+00:00
tuning,A3,d818b9c55e,103,primary,split_v1.json,val,9651652,6422788,15,10,0.709677,0.617886,0.72549,0.902439,0.804348,0.804878,0.780488,0.666667,0.5,0.865672,0.666667,0.625,41,9,12,rmsprop,0.001,0.0,,16,16,mobilenet,33.89,tf2.20.0|keras3.15.1|py3.13.7|Windows|cpu,2026-09-02T05:53:17+00:00
tuning,A0,7a049f71c7,103,primary,split_v1.json,val,9651649,6422785,14,9,0.741935,0.723577,0.820513,0.780488,0.8,0.83043,0.756098,0.888889,0.583333,0.833333,0.857143,0.615385,41,9,12,rmsprop,0.001,0.0,,16,16,mobilenet,31.48,tf2.20.0|keras3.15.1|py3.13.7|Windows|cpu,2026-09-02T05:53:49+00:00
tuning,A0,621ed640a6,101,primary,split_v1.json,val,9651649,6422785,30,25,0.709677,0.629501,0.734694,0.878049,0.8,0.704994,0.756098,0.555556,0.666667,0.848485,0.5,0.75,41,9,12,sgd,0.0001,0.0,,16,16,mobilenet,30.35,tf2.20.0|keras3.15.1|py3.13.7|Windows|cpu,2026-09-02T05:54:19+00:00
tuning,A0,621ed640a6,102,primary,split_v1.json,val,9651649,6422785,23,18,0.709677,0.617886,0.72549,0.902439,0.804348,0.760743,0.756098,0.777778,0.5,0.848485,0.8,0.625,41,9,12,sgd,0.0001,0.0,,16,16,mobilenet,23.38,tf2.20.0|keras3.15.1|py3.13.7|Windows|cpu,2026-09-02T05:54:43+00:00
tuning,A0,621ed640a6,103,primary,split_v1.json,val,9651649,6422785,40,35,0.693548,0.594077,0.711538,0.902439,0.795699,0.764228,0.780488,0.777778,0.333333,0.865672,0.8,0.5,41,9,12,sgd,0.0001,0.0,,16,16,mobilenet,38.33,tf2.20.0|keras3.15.1|py3.13.7|Windows|cpu,2026-09-02T05:55:21+00:00
tuning,A0,fa7d8c8c6b,101,primary,split_v1.json,val,9651649,6422785,14,9,0.725806,0.630081,0.730769,0.926829,0.817204,0.707317,0.756098,0.555556,0.75,0.848485,0.6,0.823529,41,9,12,sgd,0.0003,0.0,,16,16,mobilenet,15.75,tf2.20.0|keras3.15.1|py3.13.7|Windows|cpu,2026-09-02T05:55:37+00:00
tuning,A0,fa7d8c8c6b,102,primary,split_v1.json,val,9651649,6422785,18,13,0.709677,0.629501,0.734694,0.878049,0.8,0.797909,0.780488,0.666667,0.5,0.861538,0.666667,0.625,41,9,12,sgd,0.0003,0.0,,16,16,mobilenet,18.69,tf2.20.0|keras3.15.1|py3.13.7|Windows|cpu,2026-09-02T05:55:56+00:00
tuning,A0,fa7d8c8c6b,103,primary,split_v1.json,val,9651649,6422785,19,14,0.677419,0.581882,0.705882,0.878049,0.782609,0.751452,0.756098,0.777778,0.333333,0.848485,0.8,0.5,41,9,12,sgd,0.0003,0.0,,16,16,mobilenet,19.75,tf2.20.0|keras3.15.1|py3.13.7|Windows|cpu,2026-09-02T05:56:16+00:00
tuning,A0,46a7966e80,101,primary,split_v1.json,val,9651649,6422785,14,9,0.709677,0.641115,0.744681,0.853659,0.795455,0.794425,0.731707,0.666667,0.666667,0.830769,0.666667,0.714286,41,9,12,sgd,0.001,0.0,,16,16,mobilenet,16.2,tf2.20.0|keras3.15.1|py3.13.7|Windows|cpu,2026-09-02T05:56:32+00:00
tuning,A0,46a7966e80,102,primary,split_v1.json,val,9651649,6422785,12,7,0.741935,0.67712,0.765957,0.878049,0.818182,0.844367,0.780488,0.666667,0.666667,0.857143,0.666667,0.75,41,9,12,sgd,0.001,0.0,,16,16,mobilenet,14.24,tf2.20.0|keras3.15.1|py3.13.7|Windows|cpu,2026-09-02T05:56:46+00:00
tuning,A0,46a7966e80,103,primary,split_v1.json,val,9651649,6422785,13,8,0.725806,0.630081,0.730769,0.926829,0.817204,0.802555,0.780488,0.777778,0.5,0.865672,0.8,0.625,41,9,12,sgd,0.001,0.0,,16,16,mobilenet,14.23,tf2.20.0|keras3.15.1|py3.13.7|Windows|cpu,2026-09-02T05:57:01+00:00
tuning,A0,51531e76c2,101,primary,split_v1.json,val,12938561,12938561,50,47,0.66129,0.5,0.66129,1.0,0.796117,0.514518,0.731707,0.444444,0.583333,0.84507,0.615385,0.736842,41,9,12,sgd,0.0001,0.0,,16,16,cnn_scratch,1427.07,tf2.20.0|keras3.15.1|py3.13.7|Windows|cpu,2026-09-02T07:42:14+00:00
pilot,A1_mid,bd6af6fbfe,201,primary,split_v1.json,val,9685537,6456673,11,6,0.790323,0.783391,0.868421,0.804878,0.835443,0.867596,0.878049,0.777778,0.5,0.915254,0.75,0.5,41,9,12,rmsprop,0.0003,0.0,mid,16,16,mobilenet,155.05,tf2.20.0|keras3.15.1|py3.13.7|Windows|cpu,2026-09-02T08:27:03+00:00
pilot,A1_mid,bd6af6fbfe,202,primary,split_v1.json,val,9685537,6456673,11,6,0.774194,0.736353,0.813953,0.853659,0.833333,0.882695,0.804878,0.777778,0.666667,0.870968,0.75,0.714286,41,9,12,rmsprop,0.0003,0.0,mid,16,16,mobilenet,118.82,tf2.20.0|keras3.15.1|py3.13.7|Windows|cpu,2026-09-02T08:29:01+00:00
pilot,A1_mid,bd6af6fbfe,203,primary,split_v1.json,val,9685537,6456673,9,4,0.725806,0.65331,0.75,0.878049,0.808989,0.781649,0.780488,0.666667,0.583333,0.865672,0.666667,0.615385,41,9,12,rmsprop,0.0003,0.0,mid,16,16,mobilenet,98.05,tf2.20.0|keras3.15.1|py3.13.7|Windows|cpu,2026-09-02T08:30:40+00:00
pilot,A1_mid,bd6af6fbfe,204,primary,split_v1.json,val,9685537,6456673,14,9,0.790323,0.725319,0.791667,0.926829,0.853933,0.857143,0.853659,0.777778,0.583333,0.90625,0.75,0.705882,41,9,12,rmsprop,0.0003,0.0,mid,16,16,mobilenet,141.54,tf2.20.0|keras3.15.1|py3.13.7|Windows|cpu,2026-09-02T08:33:01+00:00
pilot,A1_mid,bd6af6fbfe,205,primary,split_v1.json,val,9685537,6456673,10,5,0.725806,0.606852,0.714286,0.97561,0.824742,0.868757,0.756098,0.666667,0.666667,0.857143,0.727273,0.75,41,9,12,rmsprop,0.0003,0.0,mid,16,16,mobilenet,115.77,tf2.20.0|keras3.15.1|py3.13.7|Windows|cpu,2026-09-02T08:34:57+00:00
pilot,A2_mid,eec86854f2,201,primary,split_v1.json,val,9685537,6456673,9,4,0.774194,0.759582,0.846154,0.804878,0.825,0.859466,0.829268,0.777778,0.583333,0.881356,0.75,0.615385,41,9,12,rmsprop,0.0001,0.0,mid,16,16,mobilenet,99.79,tf2.20.0|keras3.15.1|py3.13.7|Windows|cpu,2026-09-02T08:36:37+00:00
pilot,A2_mid,eec86854f2,202,primary,split_v1.json,val,9685537,6456673,11,6,0.741935,0.665505,0.755102,0.902439,0.822222,0.850174,0.756098,0.777778,0.666667,0.852941,0.75,0.714286,41,9,12,rmsprop,0.0001,0.0,mid,16,16,mobilenet,128.11,tf2.20.0|keras3.15.1|py3.13.7|Windows|cpu,2026-09-02T08:38:45+00:00
pilot,A2_mid,eec86854f2,203,primary,split_v1.json,val,9685537,6456673,9,4,0.709677,0.606272,0.716981,0.926829,0.808511,0.780488,0.731707,0.666667,0.666667,0.84058,0.666667,0.75,41,9,12,rmsprop,0.0001,0.0,mid,16,16,mobilenet,148.98,tf2.20.0|keras3.15.1|py3.13.7|Windows|cpu,2026-09-02T08:41:14+00:00
pilot,A2_mid,eec86854f2,204,primary,split_v1.json,val,9685537,6456673,15,10,0.83871,0.808362,0.860465,0.902439,0.880952,0.898955,0.853659,0.777778,0.833333,0.903226,0.75,0.857143,41,9,12,rmsprop,0.0001,0.0,mid,16,16,mobilenet,199.68,tf2.20.0|keras3.15.1|py3.13.7|Windows|cpu,2026-09-02T08:44:34+00:00
pilot,A2_mid,eec86854f2,205,primary,split_v1.json,val,9685537,6456673,15,10,0.870968,0.844367,0.883721,0.926829,0.904762,0.882695,0.95122,0.777778,0.666667,0.966667,0.75,0.75,41,9,12,rmsprop,0.0001,0.0,mid,16,16,mobilenet,167.03,tf2.20.0|keras3.15.1|py3.13.7|Windows|cpu,2026-09-02T08:47:21+00:00
tuning,A5,aaad76d5de,101,primary,split_v1.json,val,22497219,19268355,8,3,0.709677,0.641115,0.744681,0.853659,0.795455,0.739837,0.756098,0.777778,0.5,0.84375,0.75,0.625,41,9,12,adam,0.0001,0.0,,16,16,mobilenet,86.27,tf2.20.0|keras3.15.1|py3.13.7|Windows|cpu,2026-09-02T08:51:21+00:00
tuning,A5,aaad76d5de,102,primary,split_v1.json,val,22497219,19268355,10,5,0.758065,0.6777,0.76,0.926829,0.835165,0.859466,0.780488,0.777778,0.666667,0.865672,0.75,0.75,41,9,12,adam,0.0001,0.0,,16,16,mobilenet,79.95,tf2.20.0|keras3.15.1|py3.13.7|Windows|cpu,2026-09-02T08:52:41+00:00
tuning,A5,aaad76d5de,103,primary,split_v1.json,val,22497219,19268355,9,4,0.709677,0.594657,0.709091,0.95122,0.8125,0.83856,0.756098,0.666667,0.583333,0.852941,0.727273,0.705882,41,9,12,adam,0.0001,0.0,,16,16,mobilenet,72.39,tf2.20.0|keras3.15.1|py3.13.7|Windows|cpu,2026-09-02T08:53:54+00:00
tuning,A5,f8b8bb4cf7,101,primary,split_v1.json,val,22497219,19268355,40,35,0.774194,0.713124,0.787234,0.902439,0.840909,0.867596,0.804878,0.777778,0.666667,0.875,0.75,0.75,41,9,12,adam,0.0003,0.0,,16,16,mobilenet,583.04,tf2.20.0|keras3.15.1|py3.13.7|Windows|cpu,2026-09-02T09:03:37+00:00
tuning,A5,f8b8bb4cf7,101,primary,split_v1.json,val,22497219,19268355,40,35,0.774194,0.713124,0.787234,0.902439,0.840909,0.867596,0.804878,0.777778,0.666667,0.875,0.75,0.75,41,9,12,adam,0.0003,0.0,,16,16,mobilenet,634.85,tf2.20.0|keras3.15.1|py3.13.7|Windows|cpu,2026-09-02T09:04:40+00:00
tuning,A5,f8b8bb4cf7,102,primary,split_v1.json,val,22497219,19268355,13,8,0.758065,0.6777,0.76,0.926829,0.835165,0.861789,0.756098,0.888889,0.666667,0.848485,0.888889,0.75,41,9,12,adam,0.0003,0.0,,16,16,mobilenet,216.03,tf2.20.0|keras3.15.1|py3.13.7|Windows|cpu,2026-09-02T09:07:14+00:00
tuning,A5,f8b8bb4cf7,102,primary,split_v1.json,val,22497219,19268355,13,8,0.758065,0.6777,0.76,0.926829,0.835165,0.861789,0.756098,0.888889,0.666667,0.848485,0.888889,0.75,41,9,12,adam,0.0003,0.0,,16,16,mobilenet,169.42,tf2.20.0|keras3.15.1|py3.13.7|Windows|cpu,2026-09-02T09:07:30+00:00
tuning,A5,f8b8bb4cf7,103,primary,split_v1.json,val,22497219,19268355,10,5,0.741935,0.653891,0.745098,0.926829,0.826087,0.666667,0.731707,1.0,0.583333,0.84507,1.0,0.615385,41,9,12,adam,0.0003,0.0,,16,16,mobilenet,137.1,tf2.20.0|keras3.15.1|py3.13.7|Windows|cpu,2026-09-02T09:09:31+00:00
tuning,A5,f8b8bb4cf7,103,primary,split_v1.json,val,22497219,19268355,10,5,0.741935,0.653891,0.745098,0.926829,0.826087,0.666667,0.731707,1.0,0.583333,0.84507,1.0,0.615385,41,9,12,adam,0.0003,0.0,,16,16,mobilenet,176.72,tf2.20.0|keras3.15.1|py3.13.7|Windows|cpu,2026-09-02T09:10:27+00:00
tuning,A5,0f41704d77,101,primary,split_v1.json,val,22497219,19268355,11,6,0.66129,0.5,0.66129,1.0,0.796117,0.5,0.731707,0.444444,0.583333,0.84507,0.615385,0.736842,41,9,12,adam,0.001,0.0,,16,16,mobilenet,202.07,tf2.20.0|keras3.15.1|py3.13.7|Windows|cpu,2026-09-02T09:12:54+00:00
tuning,A5,0f41704d77,101,primary,split_v1.json,val,22497219,19268355,11,6,0.66129,0.5,0.66129,1.0,0.796117,0.5,0.731707,0.444444,0.583333,0.84507,0.615385,0.736842,41,9,12,adam,0.001,0.0,,16,16,mobilenet,150.39,tf2.20.0|keras3.15.1|py3.13.7|Windows|cpu,2026-09-02T09:12:57+00:00
tuning,A5,0f41704d77,102,primary,split_v1.json,val,22497219,19268355,10,5,0.709677,0.617886,0.72549,0.902439,0.804348,0.626016,0.780488,0.555556,0.583333,0.869565,0.0,0.736842,41,9,12,adam,0.001,0.0,,16,16,mobilenet,151.1,tf2.20.0|keras3.15.1|py3.13.7|Windows|cpu,2026-09-02T09:15:25+00:00
tuning,A5,0f41704d77,102,primary,split_v1.json,val,22497219,19268355,10,5,0.709677,0.617886,0.72549,0.902439,0.804348,0.626016,0.780488,0.555556,0.583333,0.869565,0.0,0.736842,41,9,12,adam,0.001,0.0,,16,16,mobilenet,156.16,tf2.20.0|keras3.15.1|py3.13.7|Windows|cpu,2026-09-02T09:15:34+00:00
tuning,A5,0f41704d77,103,primary,split_v1.json,val,22497219,19268355,11,6,0.693548,0.582462,0.703704,0.926829,0.8,0.581882,0.731707,0.777778,0.5,0.84507,0.666667,0.666667,41,9,12,adam,0.001,0.0,,16,16,mobilenet,174.61,tf2.20.0|keras3.15.1|py3.13.7|Windows|cpu,2026-09-02T09:18:19+00:00
tuning,A5,0f41704d77,103,primary,split_v1.json,val,22497219,19268355,11,6,0.693548,0.582462,0.703704,0.926829,0.8,0.581882,0.731707,0.777778,0.5,0.84507,0.666667,0.666667,41,9,12,adam,0.001,0.0,,16,16,mobilenet,167.07,tf2.20.0|keras3.15.1|py3.13.7|Windows|cpu,2026-09-02T09:18:21+00:00
tuning,A5,214a0f8705,101,primary,split_v1.json,val,22497219,19268355,8,3,0.741935,0.653891,0.745098,0.926829,0.826087,0.795587,0.756098,0.888889,0.583333,0.84375,0.888889,0.736842,41,9,12,rmsprop,0.0001,0.0,,16,16,mobilenet,90.79,tf2.20.0|keras3.15.1|py3.13.7|Windows|cpu,2026-09-02T09:19:50+00:00
tuning,A5,214a0f8705,101,primary,split_v1.json,val,22497219,19268355,8,3,0.741935,0.653891,0.745098,0.926829,0.826087,0.795587,0.756098,0.888889,0.583333,0.84375,0.888889,0.736842,41,9,12,rmsprop,0.0001,0.0,,16,16,mobilenet,96.38,tf2.20.0|keras3.15.1|py3.13.7|Windows|cpu,2026-09-02T09:19:57+00:00
tuning,A5,214a0f8705,102,primary,split_v1.json,val,22497219,19268355,6,1,0.693548,0.640534,0.75,0.804878,0.776471,0.736353,0.780488,0.555556,0.5,0.861538,0.333333,0.571429,41,9,12,rmsprop,0.0001,0.0,,16,16,mobilenet,57.03,tf2.20.0|keras3.15.1|py3.13.7|Windows|cpu,2026-09-02T09:20:54+00:00
tuning,A5,214a0f8705,102,primary,split_v1.json,val,22497219,19268355,6,1,0.693548,0.640534,0.75,0.804878,0.776471,0.736353,0.780488,0.555556,0.5,0.861538,0.333333,0.571429,41,9,12,rmsprop,0.0001,0.0,,16,16,mobilenet,77.7,tf2.20.0|keras3.15.1|py3.13.7|Windows|cpu,2026-09-02T09:21:08+00:00
tuning,A5,214a0f8705,103,primary,split_v1.json,val,22497219,19268355,11,6,0.774194,0.689895,0.764706,0.95122,0.847826,0.833914,0.780488,0.888889,0.666667,0.865672,0.888889,0.75,41,9,12,rmsprop,0.0001,0.0,,16,16,mobilenet,107.87,tf2.20.0|keras3.15.1|py3.13.7|Windows|cpu,2026-09-02T09:22:42+00:00
tuning,A5,214a0f8705,103,primary,split_v1.json,val,22497219,19268355,11,6,0.774194,0.689895,0.764706,0.95122,0.847826,0.833914,0.780488,0.888889,0.666667,0.865672,0.888889,0.75,41,9,12,rmsprop,0.0001,0.0,,16,16,mobilenet,190.71,tf2.20.0|keras3.15.1|py3.13.7|Windows|cpu,2026-09-02T09:24:19+00:00
tuning,A5,a86b6569fb,101,primary,split_v1.json,val,22497219,19268355,14,9,0.693548,0.640534,0.75,0.804878,0.776471,0.781649,0.731707,0.777778,0.5,0.813559,0.75,0.666667,41,9,12,rmsprop,0.0003,0.0,,16,16,mobilenet,132.28,tf2.20.0|keras3.15.1|py3.13.7|Windows|cpu,2026-09-02T09:24:55+00:00
