group_id,kind,sha256,uid,class_folder,filename,width,height,bytes
1,within_class,0186a1663f86a53937f50b02c1b820f18ddb8db20cb45c7454d850d4b7ebe001,No/10 (12).jpeg,No,10 (12).jpeg,313,346,32231
1,within_class,0186a1663f86a53937f50b02c1b820f18ddb8db20cb45c7454d850d4b7ebe001,No/12 (23).jpeg,No,12 (23).jpeg,313,346,32231
1,within_class,0186a1663f86a53937f50b02c1b820f18ddb8db20cb45c7454d850d4b7ebe001,No/IMG_0357.jpeg,No,IMG_0357.jpeg,313,346,32231
2,within_class,022df789c7ec4f6ba034220e9a86a4b6e88117e2cdb6985d3befc1834aaa1ae3,No/9 (19).jpg,No,9 (19).jpg,129,130,8865
2,within_class,022df789c7ec4f6ba034220e9a86a4b6e88117e2cdb6985d3befc1834aaa1ae3,No/IMG_20231216_150534_777.jpg,No,IMG_20231216_150534_777.jpg,129,130,8865
3,cross_class,03f1fb3079305769b763effcd20baaef851d29dde66fc3ad0982ea3ef52db546,No/4 (9).jpeg,No,4 (9).jpeg,1086,544,112969
3,cross_class,03f1fb3079305769b763effcd20baaef851d29dde66fc3ad0982ea3ef52db546,No/IMG_0211.jpeg,No,IMG_0211.jpeg,1086,544,112969
3,cross_class,03f1fb3079305769b763effcd20baaef851d29dde66fc3ad0982ea3ef52db546,Yes/IMG_0211.jpeg,Yes,IMG_0211.jpeg,1086,544,112969
4,cross_class,042f92cb607077ca853c3b494db37fa991247fd7808e38ffacd2bda87f0015bf,No/4 (10).jpeg,No,4 (10).jpeg,1044,534,113053
4,cross_class,042f92cb607077ca853c3b494db37fa991247fd7808e38ffacd2bda87f0015bf,No/IMG_0212.jpeg,No,IMG_0212.jpeg,1044,534,113053
4,cross_class,042f92cb607077ca853c3b494db37fa991247fd7808e38ffacd2bda87f0015bf,Yes/IMG_0212.jpeg,Yes,IMG_0212.jpeg,1044,534,113053
5,within_class,0550e46f52919ff37b1bc36b57c20ed2f4d7382401dcb6806f915f963e17695a,No/9 (18).jpg,No,9 (18).jpg,133,129,8841
5,within_class,0550e46f52919ff37b1bc36b57c20ed2f4d7382401dcb6806f915f963e17695a,No/IMG_20231216_150534_776.jpg,No,IMG_20231216_150534_776.jpg,133,129,8841
6,within_class,057e255782bc288883ee9c7ecbd98685868c792a2f8211f3e8becd22b5d1d481,No/9 (10).jpg,No,9 (10).jpg,146,160,11540
6,within_class,057e255782bc288883ee9c7ecbd98685868c792a2f8211f3e8becd22b5d1d481,No/IMG_20231216_150534_768.jpg,No,IMG_20231216_150534_768.jpg,146,160,11540
7,within_class,07853271bad6725cb4d88878f86bb5eaf091acccd3a13d47fb054cd0bb86c2ac,No/10 (37).jpeg,No,10 (37).jpeg,193,374,25330
7,within_class,07853271bad6725cb4d88878f86bb5eaf091acccd3a13d47fb054cd0bb86c2ac,No/12 (11).jpeg,No,12 (11).jpeg,193,374,25330
7,within_class,07853271bad6725cb4d88878f86bb5eaf091acccd3a13d47fb054cd0bb86c2ac,No/14 (37).jpeg,No,14 (37).jpeg,193,374,25330
7,within_class,07853271bad6725cb4d88878f86bb5eaf091acccd3a13d47fb054cd0bb86c2ac,No/IMG_0345.jpeg,No,IMG_0345.jpeg,193,374,25330
8,cross_class,0948b739232349b8860be4d9a84ebb501f46822b1a596524e90e6a504447b839,No/IMG_0194.jpeg,No,IMG_0194.jpeg,787,912,145880
8,cross_class,0948b739232349b8860be4d9a84ebb501f46822b1a596524e90e6a504447b839,Yes/IMG_0194.jpeg,Yes,IMG_0194.jpeg,787,912,145880
9,within_class,0a33881ac92d4d8501963def56bac05d6f27d85e5d5bd51b8e7c09357ba6cf4c,No/2024-02-04 15.19.31.jpeg,No,2024-02-04 15.19.31.jpeg,494,399,41711
9,within_class,0a33881ac92d4d8501963def56bac05d6f27d85e5d5bd51b8e7c09357ba6cf4c,No/3 (5).jpeg,No,3 (5).jpeg,494,399,41711
10,within_class,0b3ac79e6da3b738fed669f5723b93826d52a80012216d6205a932b1afabbbf3,No/8 (9).jpeg,No,8 (9).jpeg,1117,674,143457
10,within_class,0b3ac79e6da3b738fed669f5723b93826d52a80012216d6205a932b1afabbbf3,No/IMG_0220.jpeg,No,IMG_0220.jpeg,1117,674,143457
11,cross_class,0b3b201d703e4e8101a0060551448b387ae6be7698ea16db6e321eac4e3685e3,No/IMG_0186.jpeg,No,IMG_0186.jpeg,687,317,49541
11,cross_class,0b3b201d703e4e8101a0060551448b387ae6be7698ea16db6e321eac4e3685e3,Yes/IMG_0186.jpeg,Yes,IMG_0186.jpeg,687,317,49541
12,within_class,0c435baf912720cd345852cc41344b7c478e61a6ee112fc50144d86c3bc82fd8,No/1 (4).jpeg,No,1 (4).jpeg,799,1162,208580
12,within_class,0c435baf912720cd345852cc41344b7c478e61a6ee112fc50144d86c3bc82fd8,No/IMG_0208.jpeg,No,IMG_0208.jpeg,799,1162,208580
13,within_class,0f1091a5d8f41fbda938ff10e38d87577704393e4314674739695d82f72e3ac9,No/5 (5).jpeg,No,5 (5).jpeg,925,1035,197966
13,within_class,0f1091a5d8f41fbda938ff10e38d87577704393e4314674739695d82f72e3ac9,No/IMG_0228.jpeg,No,IMG_0228.jpeg,925,1035,197966
14,within_class,109afdf3417e85f3930586499f1b4663b140f510462fe891f98cadd2cdef8aed,No/5 (9).jpeg,No,5 (9).jpeg,959,747,144096
14,within_class,109afdf3417e85f3930586499f1b4663b140f510462fe891f98cadd2cdef8aed,No/8 (1).jpeg,No,8 (1).jpeg,959,747,144096
14,within_class,109afdf3417e85f3930586499f1b4663b140f510462fe891f98cadd2cdef8aed,No/IMG_0222.jpeg,No,IMG_0222.jpeg,959,747,144096
15,within_class,12552ede0ab5b835aa0c2a583ae0072bdea55ea0da6cd428a96d01c8eae3b474,No/2 (9).jpeg,No,2 (9).jpeg,948,939,196611
15,within_class,12552ede0ab5b835aa0c2a583ae0072bdea55ea0da6cd428a96d01c8eae3b474,No/IMG_0201.jpeg,No,IMG_0201.jpeg,948,939,196611
16,within_class,130554491e7c7e2c098322bef80a778d7e6fef9d3f01776d2242e57161430a26,No/6 (4).jpeg,No,6 (4).jpeg,692,568,84871
16,within_class,130554491e7c7e2c098322bef80a778d7e6fef9d3f01776d2242e57161430a26,No/IMG_0236.jpeg,No,IMG_0236.jpeg,692,568,84871
17,cross_class,13d50696110c1d61115979de42315c8245c99d21cc1764875048587c33f5975e,No/IMG_0218.jpeg,No,IMG_0218.jpeg,814,491,77664
17,cross_class,13d50696110c1d61115979de42315c8245c99d21cc1764875048587c33f5975e,Yes/IMG_0218.jpeg,Yes,IMG_0218.jpeg,814,491,77664
18,within_class,16d0f6794508e22eeb52a5d66279993f6f10b33576ffb2f583da361ea63a29a4,No/10 (31).jpeg,No,10 (31).jpeg,471,481,52461
18,within_class,16d0f6794508e22eeb52a5d66279993f6f10b33576ffb2f583da361ea63a29a4,No/IMG_0339.jpeg,No,IMG_0339.jpeg,471,481,52461
19,within_class,18c618918716fc1a8644cee53f7cec646ddbb87a7b9e391bc4cc800f25e4394b,No/10 (15).jpeg,No,10 (15).jpeg,140,526,20923
19,within_class,18c618918716fc1a8644cee53f7cec646ddbb87a7b9e391bc4cc800f25e4394b,No/IMG_0360.jpeg,No,IMG_0360.jpeg,140,526,20923
20,within_class,1917f257da33edf22d88f8d62fbee1ce772f378fd498f8ddf068b957fb82d6e5,No/13 (36).jpg,No,13 (36).jpg,129,130,9048
20,within_class,1917f257da33edf22d88f8d62fbee1ce772f378fd498f8ddf068b957fb82d6e5,No/9 (34).jpg,No,9 (34).jpg,129,130,9048
20,within_class,1917f257da33edf22d88f8d62fbee1ce772f378fd498f8ddf068b957fb82d6e5,No/IMG_20231216_150534_792.jpg,No,IMG_20231216_150534_792.jpg,129,130,9048
21,within_class,1b7e05e46f04af3f508ac5aa83247ce04d7ec995b81fdd9ace51d393e3e1b377,No/7 (1).jpg,No,7 (1).jpg,173,173,14459
21,within_class,1b7e05e46f04af3f508ac5aa83247ce04d7ec995b81fdd9ace51d393e3e1b377,No/IMG_20231216_135244_592.jpg,No,IMG_20231216_135244_592.jpg,173,173,14459
22,within_class,1ea614f0e8d7c9070d21230ca4ed39986f48105ddffc495e1e923c59404fbfaf,No/10 (24).jpeg,No,10 (24).jpeg,729,491,73777
22,within_class,1ea614f0e8d7c9070d21230ca4ed39986f48105ddffc495e1e923c59404fbfaf,No/IMG_0332.jpeg,No,IMG_0332.jpeg,729,491,73777
23,cross_class,21a482a42d45e59c4c67a0a1da5f0d852defec3ad48c57977fda4dccd9290983,No/4 (3).jpeg,No,4 (3).jpeg,998,624,127951
23,cross_class,21a482a42d45e59c4c67a0a1da5f0d852defec3ad48c57977fda4dccd9290983,No/IMG_0215.jpeg,No,IMG_0215.jpeg,998,624,127951
23,cross_class,21a482a42d45e59c4c67a0a1da5f0d852defec3ad48c57977fda4dccd9290983,Yes/IMG_0215.jpeg,Yes,IMG_0215.jpeg,998,624,127951
24,within_class,26b6ad39ed126371c5070e5dd69a28f1a1d8aeaf19358a9a71e10be5ed770b12,No/13 (26).jpg,No,13 (26).jpg,141,129,9229
24,within_class,26b6ad39ed126371c5070e5dd69a28f1a1d8aeaf19358a9a71e10be5ed770b12,No/9 (24).jpg,No,9 (24).jpg,141,129,9229
24,within_class,26b6ad39ed126371c5070e5dd69a28f1a1d8aeaf19358a9a71e10be5ed770b12,No/IMG_20231216_150534_782.jpg,No,IMG_20231216_150534_782.jpg,141,129,9229
25,within_class,2974660d603842a0d4573e82c981c42b61526e83226b1692aea7d116ab292778,No/11 (18).jpeg,No,11 (18).jpeg,641,491,66527
25,within_class,2974660d603842a0d4573e82c981c42b61526e83226b1692aea7d116ab292778,No/2024-02-04 15.39.13.jpeg,No,2024-02-04 15.39.13.jpeg,641,491,66527
26,within_class,2acfa839ba860ced291a267586a80783478c89bc56ae6479bc64e23b6b7c0172,No/2 (8).jpeg,No,2 (8).jpeg,740,854,141294
26,within_class,2acfa839ba860ced291a267586a80783478c89bc56ae6479bc64e23b6b7c0172,No/IMG_0200.jpeg,No,IMG_0200.jpeg,740,854,141294
27,within_class,2bb37760d288c2db46c464ca04890d30df03271054402a27e1df5c0b05164a80,No/1 (10).jpeg,No,1 (10).jpeg,956,778,158646
27,within_class,2bb37760d288c2db46c464ca04890d30df03271054402a27e1df5c0b05164a80,No/2 (2).jpeg,No,2 (2).jpeg,956,778,158646
27,within_class,2bb37760d288c2db46c464ca04890d30df03271054402a27e1df5c0b05164a80,No/IMG_0204.jpeg,No,IMG_0204.jpeg,956,778,158646
28,within_class,303f01a526ae84353dc79f9dd8e88df0a961f6218854b355fe2ac79734b22a68,No/10 (4).jpeg,No,10 (4).jpeg,187,256,18752
28,within_class,303f01a526ae84353dc79f9dd8e88df0a961f6218854b355fe2ac79734b22a68,No/IMG_0349.jpeg,No,IMG_0349.jpeg,187,256,18752
29,within_class,364050a2a9fdd68e188f8336feb747a3da710fec7e790ff6dbd634496793a76b,No/11 (11).jpeg,No,11 (11).jpeg,576,492,51965
29,within_class,364050a2a9fdd68e188f8336feb747a3da710fec7e790ff6dbd634496793a76b,No/2024-02-04 15.37.04.jpeg,No,2024-02-04 15.37.04.jpeg,576,492,51965
30,within_class,39d32bbe5d60e0d6ae04737d8d3f468145fa7f1edaca22f8afd2eedff15394ac,No/9 (28).jpg,No,9 (28).jpg,189,129,11906
30,within_class,39d32bbe5d60e0d6ae04737d8d3f468145fa7f1edaca22f8afd2eedff15394ac,No/IMG_20231216_150534_786.jpg,No,IMG_20231216_150534_786.jpg,189,129,11906
31,within_class,40b7645a680de99afa493876c0f8792efc2aaf0bdf2ec7486700e3ab492ea8f3,No/6 (9).jpeg,No,6 (9).jpeg,982,491,102383
31,within_class,40b7645a680de99afa493876c0f8792efc2aaf0bdf2ec7486700e3ab492ea8f3,No/IMG_0231.jpeg,No,IMG_0231.jpeg,982,491,102383
32,cross_class,4203bd7081bdec46d15ac1c37dc151fb232ef6740ad98b1bae78cb2372b8bbf0,No/4 (8).jpeg,No,4 (8).jpeg,1063,935,184788
32,cross_class,4203bd7081bdec46d15ac1c37dc151fb232ef6740ad98b1bae78cb2372b8bbf0,No/IMG_0210.jpeg,No,IMG_0210.jpeg,1063,935,184788
32,cross_class,4203bd7081bdec46d15ac1c37dc151fb232ef6740ad98b1bae78cb2372b8bbf0,Yes/IMG_0210.jpeg,Yes,IMG_0210.jpeg,1063,935,184788
33,within_class,42298c71c2a06854b1d5a8c81099650bdab23906eb25189d49927b3d319f8a75,No/13 (7).jpg,No,13 (7).jpg,129,130,9223
33,within_class,42298c71c2a06854b1d5a8c81099650bdab23906eb25189d49927b3d319f8a75,No/9 (5).jpg,No,9 (5).jpg,129,130,9223
33,within_class,42298c71c2a06854b1d5a8c81099650bdab23906eb25189d49927b3d319f8a75,No/IMG_20231216_150534_800.jpg,No,IMG_20231216_150534_800.jpg,129,130,9223
34,within_class,4326d6872fca976c973b39e5ac7e43e2f4106493a83f2c3675b0d21e94a8d2de,No/11 (17).jpeg,No,11 (17).jpeg,542,467,53035
34,within_class,4326d6872fca976c973b39e5ac7e43e2f4106493a83f2c3675b0d21e94a8d2de,No/2024-02-04 15.38.54.jpeg,No,2024-02-04 15.38.54.jpeg,542,467,53035
35,within_class,45cb463c6bc8cff35efdf429a4a158c2ed8d440cafc27edc7b8af5e1c3041ce0,No/13 (33).jpg,No,13 (33).jpg,148,129,9919
35,within_class,45cb463c6bc8cff35efdf429a4a158c2ed8d440cafc27edc7b8af5e1c3041ce0,No/9 (31).jpg,No,9 (31).jpg,148,129,9919
35,within_class,45cb463c6bc8cff35efdf429a4a158c2ed8d440cafc27edc7b8af5e1c3041ce0,No/IMG_20231216_150534_789.jpg,No,IMG_20231216_150534_789.jpg,148,129,9919
36,within_class,4a60958ef34b3195117b8051d6f93945e91a98577ce13ee0544cf697ba834ba4,No/11 (1).jpeg,No,11 (1).jpeg,656,547,66336
36,within_class,4a60958ef34b3195117b8051d6f93945e91a98577ce13ee0544cf697ba834ba4,No/2024-02-04 15.33.52.jpeg,No,2024-02-04 15.33.52.jpeg,656,547,66336
37,within_class,4cb5b829fa15053c9b5de56793ab37eb95f3931c1ee8d15e5921ad5492a50e3b,No/10 (1).jpeg,No,10 (1).jpeg,146,588,21394
37,within_class,4cb5b829fa15053c9b5de56793ab37eb95f3931c1ee8d15e5921ad5492a50e3b,No/12 (12).jpeg,No,12 (12).jpeg,146,588,21394
37,within_class,4cb5b829fa15053c9b5de56793ab37eb95f3931c1ee8d15e5921ad5492a50e3b,No/IMG_0346.jpeg,No,IMG_0346.jpeg,146,588,21394
38,within_class,4cc842ff0e295d6b5e2e6d7257a54f95684a0d1cca8f64e7138fd332a47099cb,No/7 (4).jpg,No,7 (4).jpg,176,173,14616
38,within_class,4cc842ff0e295d6b5e2e6d7257a54f95684a0d1cca8f64e7138fd332a47099cb,No/IMG_20231216_135244_595.jpg,No,IMG_20231216_135244_595.jpg,176,173,14616
39,within_class,4d2f50274662dc7ebb66c44a7c6dfb5c81dbeaf7ae95173d2c1805aafba26bcf,No/13 (3).jpg,No,13 (3).jpg,129,129,8797
39,within_class,4d2f50274662dc7ebb66c44a7c6dfb5c81dbeaf7ae95173d2c1805aafba26bcf,No/9 (1).jpg,No,9 (1).jpg,129,129,8797
39,within_class,4d2f50274662dc7ebb66c44a7c6dfb5c81dbeaf7ae95173d2c1805aafba26bcf,No/IMG_20231216_150534_796.jpg,No,IMG_20231216_150534_796.jpg,129,129,8797
40,cross_class,4da7e6ba62f2ad5f0be180452002877d6a8ce82a86a1f1279421b6c0d448f57d,No/IMG_0185.jpeg,No,IMG_0185.jpeg,400,340,36527
40,cross_class,4da7e6ba62f2ad5f0be180452002877d6a8ce82a86a1f1279421b6c0d448f57d,Yes/IMG_0185.jpeg,Yes,IMG_0185.jpeg,400,340,36527
41,within_class,53095df9cabd4f796e1d15f6109cc73aae4e328dfda31c529d17e5acb05f17c0,No/11 (19).jpeg,No,11 (19).jpeg,557,406,48569
41,within_class,53095df9cabd4f796e1d15f6109cc73aae4e328dfda31c529d17e5acb05f17c0,No/2024-02-04 15.39.28.jpeg,No,2024-02-04 15.39.28.jpeg,557,406,48569
42,within_class,58232ee2c3bcf299415690ccba7621e9876db8aacbb22615e0677ecf6f6a9ef7,No/10 (22).jpeg,No,10 (22).jpeg,545,766,74330
42,within_class,58232ee2c3bcf299415690ccba7621e9876db8aacbb22615e0677ecf6f6a9ef7,No/12 (33).jpeg,No,12 (33).jpeg,545,766,74330
42,within_class,58232ee2c3bcf299415690ccba7621e9876db8aacbb22615e0677ecf6f6a9ef7,No/IMG_0330.jpeg,No,IMG_0330.jpeg,545,766,74330
43,within_class,595e1880871fe61f5a599c5e3c8e1bf4175a8580cf6135bd99d8a99a9e638f65,No/8 (8).jpeg,No,8 (8).jpeg,840,716,131789
43,within_class,595e1880871fe61f5a599c5e3c8e1bf4175a8580cf6135bd99d8a99a9e638f65,No/IMG_0229.jpeg,No,IMG_0229.jpeg,840,716,131789
44,cross_class,599a03dc7387278c9efb3674235f746388eb49fe2e8babf9e12b559680d197cb,No/IMG_0195.jpeg,No,IMG_0195.jpeg,913,678,102723
44,cross_class,599a03dc7387278c9efb3674235f746388eb49fe2e8babf9e12b559680d197cb,Yes/IMG_0195.jpeg,Yes,IMG_0195.jpeg,913,678,102723
45,within_class,63b5ef36a633c90a1f4b831f18a4223534dcc1d2aeaffc01ef0dd2e5689d3288,No/13 (35).jpg,No,13 (35).jpg,129,132,8893
45,within_class,63b5ef36a633c90a1f4b831f18a4223534dcc1d2aeaffc01ef0dd2e5689d3288,No/9 (33).jpg,No,9 (33).jpg,129,132,8893
45,within_class,63b5ef36a633c90a1f4b831f18a4223534dcc1d2aeaffc01ef0dd2e5689d3288,No/IMG_20231216_150534_791.jpg,No,IMG_20231216_150534_791.jpg,129,132,8893
46,within_class,63c6e614629b36753380a7833dc33f2b56ebbd76a23db5e455450aeb0d603e0a,No/1 (5).jpeg,No,1 (5).jpeg,679,897,135181
46,within_class,63c6e614629b36753380a7833dc33f2b56ebbd76a23db5e455450aeb0d603e0a,No/IMG_0209.jpeg,No,IMG_0209.jpeg,679,897,135181
47,within_class,64b49c0d06479cbd5b092d2ef988904b11c15a8a8027aafd55fc8b3df11ae8d6,No/10 (13).jpeg,No,10 (13).jpeg,355,515,48226
47,within_class,64b49c0d06479cbd5b092d2ef988904b11c15a8a8027aafd55fc8b3df11ae8d6,No/12 (24).jpeg,No,12 (24).jpeg,355,515,48226
47,within_class,64b49c0d06479cbd5b092d2ef988904b11c15a8a8027aafd55fc8b3df11ae8d6,No/IMG_0358.jpeg,No,IMG_0358.jpeg,355,515,48226
48,within_class,67de5afb9b5ff82bfa343fd9e477978220ca8a138ba29247e643e8991dad2b68,No/10 (14).jpeg,No,10 (14).jpeg,196,462,24388
48,within_class,67de5afb9b5ff82bfa343fd9e477978220ca8a138ba29247e643e8991dad2b68,No/IMG_0359.jpeg,No,IMG_0359.jpeg,196,462,24388
49,within_class,6a571020bff3675a841cb45ee8a502615ed0257b71eab5e18bf31c9ba2f38d54,No/10 (32).jpeg,No,10 (32).jpeg,324,345,32731
49,within_class,6a571020bff3675a841cb45ee8a502615ed0257b71eab5e18bf31c9ba2f38d54,No/IMG_0340.jpeg,No,IMG_0340.jpeg,324,345,32731
50,within_class,6becd4bdfea611352fadbe7aadbfd6d2579a7176afcb4442c5d4b1b7601528ea,No/5 (4).jpeg,No,5 (4).jpeg,940,908,161327
50,within_class,6becd4bdfea611352fadbe7aadbfd6d2579a7176afcb4442c5d4b1b7601528ea,No/IMG_0227.jpeg,No,IMG_0227.jpeg,940,908,161327
51,within_class,6d5526b55747030e4c7887933f4f992ba024c82de60ae37ec9afc64696c39ed4,No/9 (20).jpg,No,9 (20).jpg,163,129,11234
51,within_class,6d5526b55747030e4c7887933f4f992ba024c82de60ae37ec9afc64696c39ed4,No/IMG_20231216_150534_778.jpg,No,IMG_20231216_150534_778.jpg,163,129,11234
52,within_class,6e5116ef1c1697baddc6cd5b9d8151fb255b82b2755eef69fa993e07cd72cb6a,No/7 (10).jpg,No,7 (10).jpg,172,172,15058
52,within_class,6e5116ef1c1697baddc6cd5b9d8151fb255b82b2755eef69fa993e07cd72cb6a,No/IMG_20231216_135244_591.jpg,No,IMG_20231216_135244_591.jpg,172,172,15058
53,within_class,6e8a62192639ee1a23639fe82ee151ea9130e9a068c5f65a4a4dec8640141854,No/11 (34).jpeg,No,11 (34).jpeg,491,491,49714
53,within_class,6e8a62192639ee1a23639fe82ee151ea9130e9a068c5f65a4a4dec8640141854,No/2024-02-04 15.32.12.jpeg,No,2024-02-04 15.32.12.jpeg,491,491,49714
54,within_class,6fdbddc397a677abe412f91df5abae64af6e00ad20cf2e63f7edc9465f1a29ae,No/11 (4).jpeg,No,11 (4).jpeg,664,491,57585
54,within_class,6fdbddc397a677abe412f91df5abae64af6e00ad20cf2e63f7edc9465f1a29ae,No/2024-02-04 15.34.55.jpeg,No,2024-02-04 15.34.55.jpeg,664,491,57585
55,within_class,7071e0dce1501a0911e0943009d6a9f4462c7025442f15b1f83dc25d6c4a76f5,No/13 (16).jpg,No,13 (16).jpg,129,129,8576
55,within_class,7071e0dce1501a0911e0943009d6a9f4462c7025442f15b1f83dc25d6c4a76f5,No/9 (14).jpg,No,9 (14).jpg,129,129,8576
55,within_class,7071e0dce1501a0911e0943009d6a9f4462c7025442f15b1f83dc25d6c4a76f5,No/IMG_20231216_150534_772.jpg,No,IMG_20231216_150534_772.jpg,129,129,8576
56,within_class,71d8b3431d27df94afe71766d38904251aae9e993788ce3dd0137688392afcd5,No/13 (27).jpg,No,13 (27).jpg,130,129,9153
56,within_class,71d8b3431d27df94afe71766d38904251aae9e993788ce3dd0137688392afcd5,No/9 (25).jpg,No,9 (25).jpg,130,129,9153
56,within_class,71d8b3431d27df94afe71766d38904251aae9e993788ce3dd0137688392afcd5,No/IMG_20231216_150534_783.jpg,No,IMG_20231216_150534_783.jpg,130,129,9153
57,within_class,725bf6d1c5f1fc6c1b94a5178845a57dc930aaeb7ec4fdc1349d71cea80a43a2,No/2024-02-04 15.18.56.jpeg,No,2024-02-04 15.18.56.jpeg,791,517,74493
57,within_class,725bf6d1c5f1fc6c1b94a5178845a57dc930aaeb7ec4fdc1349d71cea80a43a2,No/3 (3).jpeg,No,3 (3).jpeg,791,517,74493
58,within_class,728e67a386d1d8bc46f61256fa08051f4c68dbb594ea945b724668a36e039bf5,No/5 (8).jpeg,No,5 (8).jpeg,910,909,162232
58,within_class,728e67a386d1d8bc46f61256fa08051f4c68dbb594ea945b724668a36e039bf5,No/8 (10).jpeg,No,8 (10).jpeg,910,909,162232
58,within_class,728e67a386d1d8bc46f61256fa08051f4c68dbb594ea945b724668a36e039bf5,No/IMG_0221.jpeg,No,IMG_0221.jpeg,910,909,162232
59,within_class,7675b62e577fd6099981244baaf360876e4354a3bad9897b988c7df8c3176cf3,No/10 (33).jpeg,No,10 (33).jpeg,141,230,15982
59,within_class,7675b62e577fd6099981244baaf360876e4354a3bad9897b988c7df8c3176cf3,No/IMG_0341.jpeg,No,IMG_0341.jpeg,141,230,15982
60,cross_class,78263db3e49298a7b07b47a01de1efbc5301aa4f549dc1f1b155404a7773ba0e,No/4 (2).jpeg,No,4 (2).jpeg,967,977,185970
60,cross_class,78263db3e49298a7b07b47a01de1efbc5301aa4f549dc1f1b155404a7773ba0e,No/IMG_0214.jpeg,No,IMG_0214.jpeg,967,977,185970
60,cross_class,78263db3e49298a7b07b47a01de1efbc5301aa4f549dc1f1b155404a7773ba0e,Yes/IMG_0214.jpeg,Yes,IMG_0214.jpeg,967,977,185970
61,within_class,785d48a6084ddaa05c478a4427ba1686853b68dad2790a4514a7dd97253c1fa5,No/12 (31).jpeg,No,12 (31).jpeg,491,682,72481
61,within_class,785d48a6084ddaa05c478a4427ba1686853b68dad2790a4514a7dd97253c1fa5,No/14 (20).jpeg,No,14 (20).jpeg,491,682,72481
61,within_class,785d48a6084ddaa05c478a4427ba1686853b68dad2790a4514a7dd97253c1fa5,No/IMG_0365.jpeg,No,IMG_0365.jpeg,491,682,72481
62,cross_class,7a0bce2926a98e840f8c4b3268a3fc9150e59a8e3eff0579edc740138e407c9f,No/IMG_0219.jpeg,No,IMG_0219.jpeg,817,509,95356
62,cross_class,7a0bce2926a98e840f8c4b3268a3fc9150e59a8e3eff0579edc740138e407c9f,Yes/IMG_0219.jpeg,Yes,IMG_0219.jpeg,817,509,95356
63,cross_class,7a12625a816cd89de4b75ddf1c65b4342a5f09e96d338927d0e77b64f7970cb1,No/IMG_0193.jpeg,No,IMG_0193.jpeg,695,736,96669
63,cross_class,7a12625a816cd89de4b75ddf1c65b4342a5f09e96d338927d0e77b64f7970cb1,Yes/IMG_0193.jpeg,Yes,IMG_0193.jpeg,695,736,96669
64,within_class,7a82af65df498e40ff79ba592b01a2b1006b6bc468c0dfce394cca2bab01c5b0,No/11 (8).jpeg,No,11 (8).jpeg,637,491,60869
64,within_class,7a82af65df498e40ff79ba592b01a2b1006b6bc468c0dfce394cca2bab01c5b0,No/2024-02-04 15.36.04.jpeg,No,2024-02-04 15.36.04.jpeg,637,491,60869
65,within_class,7afec30169686191eb2426ef1d92b9db295d0910b36860d23b188a17f6ed9942,No/6 (3).jpeg,No,6 (3).jpeg,825,491,86372
65,within_class,7afec30169686191eb2426ef1d92b9db295d0910b36860d23b188a17f6ed9942,No/IMG_0235.jpeg,No,IMG_0235.jpeg,825,491,86372
66,within_class,7d39de75852651473e8de883f0b4f064da8a94a9703670ab1af49d261f4c5d92,No/10 (23).jpeg,No,10 (23).jpeg,491,701,69591
66,within_class,7d39de75852651473e8de883f0b4f064da8a94a9703670ab1af49d261f4c5d92,No/12 (34).jpeg,No,12 (34).jpeg,491,701,69591
66,within_class,7d39de75852651473e8de883f0b4f064da8a94a9703670ab1af49d261f4c5d92,No/IMG_0331.jpeg,No,IMG_0331.jpeg,491,701,69591
67,within_class,7fce49cc6f1031300517d102a4fcd4d5bced7798a06e0ac615c707583f5b3ff9,No/13 (34).jpg,No,13 (34).jpg,146,130,10015
67,within_class,7fce49cc6f1031300517d102a4fcd4d5bced7798a06e0ac615c707583f5b3ff9,No/9 (32).jpg,No,9 (32).jpg,146,130,10015
67,within_class,7fce49cc6f1031300517d102a4fcd4d5bced7798a06e0ac615c707583f5b3ff9,No/IMG_20231216_150534_790.jpg,No,IMG_20231216_150534_790.jpg,146,130,10015
68,within_class,7ff5835bb4055cdca4dfbdfa65b7990fef1b9fd634ca471b15a55f78d07420e6,No/2024-02-04 15.18.15.jpeg,No,2024-02-04 15.18.15.jpeg,467,374,36936
68,within_class,7ff5835bb4055cdca4dfbdfa65b7990fef1b9fd634ca471b15a55f78d07420e6,No/3 (1).jpeg,No,3 (1).jpeg,467,374,36936
69,within_class,80b4846f3c1915705809d5d6533a86b725d445054e6e7fc03ee85a7d62f215f9,No/11 (10).jpeg,No,11 (10).jpeg,503,509,50235
69,within_class,80b4846f3c1915705809d5d6533a86b725d445054e6e7fc03ee85a7d62f215f9,No/2024-02-04 15.36.41.jpeg,No,2024-02-04 15.36.41.jpeg,503,509,50235
70,within_class,828b4d9a3ae589abdcf0386ca248751c84c0fdb8479c85630a4f19e839918d77,No/6 (1).jpeg,No,6 (1).jpeg,886,491,93979
70,within_class,828b4d9a3ae589abdcf0386ca248751c84c0fdb8479c85630a4f19e839918d77,No/IMG_0233.jpeg,No,IMG_0233.jpeg,886,491,93979
71,within_class,8df617dc9702b07bc5da3fb0eb587ecde15be4ba68f70e107b6e32f461cc5035,No/1 (9).jpeg,No,1 (9).jpeg,549,1027,113301
71,within_class,8df617dc9702b07bc5da3fb0eb587ecde15be4ba68f70e107b6e32f461cc5035,No/2 (1).jpeg,No,2 (1).jpeg,549,1027,113301
71,within_class,8df617dc9702b07bc5da3fb0eb587ecde15be4ba68f70e107b6e32f461cc5035,No/IMG_0203.jpeg,No,IMG_0203.jpeg,549,1027,113301
72,within_class,8f9a6694b11d689af79b9261b00a08ed6bcea20b203f7cf2ae122fb3eb983aa2,No/12 (30).jpeg,No,12 (30).jpeg,163,246,21055
72,within_class,8f9a6694b11d689af79b9261b00a08ed6bcea20b203f7cf2ae122fb3eb983aa2,No/14 (19).jpeg,No,14 (19).jpeg,163,246,21055
72,within_class,8f9a6694b11d689af79b9261b00a08ed6bcea20b203f7cf2ae122fb3eb983aa2,No/IMG_0364.jpeg,No,IMG_0364.jpeg,163,246,21055
73,cross_class,901d3e808d383055ccc660457bfd12191260378f51d300c20b00e713b37b6860,No/IMG_0198.jpeg,No,IMG_0198.jpeg,748,547,90299
73,cross_class,901d3e808d383055ccc660457bfd12191260378f51d300c20b00e713b37b6860,Yes/IMG_0198.jpeg,Yes,IMG_0198.jpeg,748,547,90299
74,within_class,91e3cc6099aa9a91f5d963ae8baa5ac85bf11bbd8e63dfab2a7eafcce9e22c62,No/6 (2).jpeg,No,6 (2).jpeg,794,506,88016
74,within_class,91e3cc6099aa9a91f5d963ae8baa5ac85bf11bbd8e63dfab2a7eafcce9e22c62,No/IMG_0234.jpeg,No,IMG_0234.jpeg,794,506,88016
75,within_class,97ce06cf854b96f5cfec35502b536425cdd4050217c4855ff175463bb1264852,No/1 (8).jpeg,No,1 (8).jpeg,925,943,189858
75,within_class,97ce06cf854b96f5cfec35502b536425cdd4050217c4855ff175463bb1264852,No/2 (10).jpeg,No,2 (10).jpeg,925,943,189858
75,within_class,97ce06cf854b96f5cfec35502b536425cdd4050217c4855ff175463bb1264852,No/IMG_0202.jpeg,No,IMG_0202.jpeg,925,943,189858
76,within_class,9ac9e677f1ef3e7014283792d3977bf72456f97c1b120da1439a28457058db5d,No/6 (5).jpeg,No,6 (5).jpeg,668,491,71207
76,within_class,9ac9e677f1ef3e7014283792d3977bf72456f97c1b120da1439a28457058db5d,No/IMG_0237.jpeg,No,IMG_0237.jpeg,668,491,71207
77,within_class,9b4113681f151bcc5e967310e2fc399b6c7867dbfa32ce378621fe79f61274a6,No/12 (20).jpeg,No,12 (20).jpeg,209,560,33229
77,within_class,9b4113681f151bcc5e967310e2fc399b6c7867dbfa32ce378621fe79f61274a6,No/14 (9).jpeg,No,14 (9).jpeg,209,560,33229
77,within_class,9b4113681f151bcc5e967310e2fc399b6c7867dbfa32ce378621fe79f61274a6,No/IMG_0354.jpeg,No,IMG_0354.jpeg,209,560,33229
78,within_class,9c4ebf8486c2dabc51d9f72d2e87b3d154110100cc6e9c04fb8862a271bea1a6,No/9 (29).jpg,No,9 (29).jpg,129,129,8799
78,within_class,9c4ebf8486c2dabc51d9f72d2e87b3d154110100cc6e9c04fb8862a271bea1a6,No/IMG_20231216_150534_787.jpg,No,IMG_20231216_150534_787.jpg,129,129,8799
79,within_class,9d0341f121561288992a0471d1a68f2a430a0cdd1cbd86675dc3a8e5ef7bbe15,No/11 (9).jpeg,No,11 (9).jpeg,537,491,53106
79,within_class,9d0341f121561288992a0471d1a68f2a430a0cdd1cbd86675dc3a8e5ef7bbe15,No/2024-02-04 15.36.21.jpeg,No,2024-02-04 15.36.21.jpeg,537,491,53106
80,within_class,9d9fd53c3e0c6ab0205c2890398c4946ff90cfc1d0ed35b3ff5452fe5c4df65d,No/10 (34).jpeg,No,10 (34).jpeg,144,349,17925
80,within_class,9d9fd53c3e0c6ab0205c2890398c4946ff90cfc1d0ed35b3ff5452fe5c4df65d,No/IMG_0342.jpeg,No,IMG_0342.jpeg,144,349,17925
81,within_class,a259920984c90861ab2c23a8f8f5cefd847b4a5274fcc6733242310bd62b7ebc,No/2024-02-04 15.17.31.jpeg,No,2024-02-04 15.17.31.jpeg,513,384,39849
81,within_class,a259920984c90861ab2c23a8f8f5cefd847b4a5274fcc6733242310bd62b7ebc,No/3 (9).jpeg,No,3 (9).jpeg,513,384,39849
82,within_class,a26eedda8ecf4e126c8efe266c932a7ecb4c5b609f18857f41bfb0415a64a363,No/2024-02-04 15.19.13.jpeg,No,2024-02-04 15.19.13.jpeg,837,491,71769
82,within_class,a26eedda8ecf4e126c8efe266c932a7ecb4c5b609f18857f41bfb0415a64a363,No/3 (4).jpeg,No,3 (4).jpeg,837,491,71769
83,within_class,a38bee435f3c1b92e6a73fc00610d1eb89665b85e004cf772e7eb2693707a0b9,No/10 (17).jpeg,No,10 (17).jpeg,148,453,20278
83,within_class,a38bee435f3c1b92e6a73fc00610d1eb89665b85e004cf772e7eb2693707a0b9,No/14 (17).jpeg,No,14 (17).jpeg,148,453,20278
83,within_class,a38bee435f3c1b92e6a73fc00610d1eb89665b85e004cf772e7eb2693707a0b9,No/IMG_0362.jpeg,No,IMG_0362.jpeg,148,453,20278
84,within_class,a43edb229c480324cd425344fce86c78e3b3aa662efacf5e1a4c9a8c38f37f53,No/13 (14).jpg,No,13 (14).jpg,134,129,8765
84,within_class,a43edb229c480324cd425344fce86c78e3b3aa662efacf5e1a4c9a8c38f37f53,No/9 (12).jpg,No,9 (12).jpg,134,129,8765
84,within_class,a43edb229c480324cd425344fce86c78e3b3aa662efacf5e1a4c9a8c38f37f53,No/IMG_20231216_150534_770.jpg,No,IMG_20231216_150534_770.jpg,134,129,8765
85,within_class,a6bd3e4be1bd068a0e33b7bc747d7d9201755b463b5b0a69b6c62cf3c9bbddf0,No/10 (35).jpeg,No,10 (35).jpeg,240,494,28595
85,within_class,a6bd3e4be1bd068a0e33b7bc747d7d9201755b463b5b0a69b6c62cf3c9bbddf0,No/12 (9).jpeg,No,12 (9).jpeg,240,494,28595
85,within_class,a6bd3e4be1bd068a0e33b7bc747d7d9201755b463b5b0a69b6c62cf3c9bbddf0,No/IMG_0343.jpeg,No,IMG_0343.jpeg,240,494,28595
86,within_class,a70b074d9b2cd740d9384414a8ce0e762721fb5ae57a87fda1e9df65c3531edc,No/12 (21).jpeg,No,12 (21).jpeg,259,310,26969
86,within_class,a70b074d9b2cd740d9384414a8ce0e762721fb5ae57a87fda1e9df65c3531edc,No/14 (10).jpeg,No,14 (10).jpeg,259,310,26969
86,within_class,a70b074d9b2cd740d9384414a8ce0e762721fb5ae57a87fda1e9df65c3531edc,No/IMG_0355.jpeg,No,IMG_0355.jpeg,259,310,26969
87,within_class,a89f6d431c1e8f9880c4fd1c44cd130ff6dad5c5ff175e3ff161e3e434ec17ea,No/10 (2).jpeg,No,10 (2).jpeg,338,649,48617
87,within_class,a89f6d431c1e8f9880c4fd1c44cd130ff6dad5c5ff175e3ff161e3e434ec17ea,No/12 (13).jpeg,No,12 (13).jpeg,338,649,48617
87,within_class,a89f6d431c1e8f9880c4fd1c44cd130ff6dad5c5ff175e3ff161e3e434ec17ea,No/IMG_0347.jpeg,No,IMG_0347.jpeg,338,649,48617
88,within_class,a963d4023962702a8ccd9533ed4695123e1cdb94bacf1a2d6c14070a8ab78d44,No/1 (1).jpeg,No,1 (1).jpeg,1028,938,204244
88,within_class,a963d4023962702a8ccd9533ed4695123e1cdb94bacf1a2d6c14070a8ab78d44,No/2 (3).jpeg,No,2 (3).jpeg,1028,938,204244
88,within_class,a963d4023962702a8ccd9533ed4695123e1cdb94bacf1a2d6c14070a8ab78d44,No/IMG_0205.jpeg,No,IMG_0205.jpeg,1028,938,204244
89,within_class,ab61c38755340009d0c8c02dc83c0a6f53a77f7229f0dbaabe249bd5a1ba30a2,No/10 (26).jpeg,No,10 (26).jpeg,664,491,71433
89,within_class,ab61c38755340009d0c8c02dc83c0a6f53a77f7229f0dbaabe249bd5a1ba30a2,No/14 (26).jpeg,No,14 (26).jpeg,664,491,71433
89,within_class,ab61c38755340009d0c8c02dc83c0a6f53a77f7229f0dbaabe249bd5a1ba30a2,No/IMG_0334.jpeg,No,IMG_0334.jpeg,664,491,71433
90,within_class,aef8edfff4f219d458ad4245136fc8dff2edfbb68a781c9611df7a5c499be71d,No/13 (23).jpg,No,13 (23).jpg,130,129,9223
90,within_class,aef8edfff4f219d458ad4245136fc8dff2edfbb68a781c9611df7a5c499be71d,No/9 (21).jpg,No,9 (21).jpg,130,129,9223
90,within_class,aef8edfff4f219d458ad4245136fc8dff2edfbb68a781c9611df7a5c499be71d,No/IMG_20231216_150534_779.jpg,No,IMG_20231216_150534_779.jpg,130,129,9223
91,cross_class,b106e9a1502fe9bd5b6e3eff18751cd91dc1beba1c56fed12c628770f37e7844,No/4 (5).jpeg,No,4 (5).jpeg,886,491,98717
91,cross_class,b106e9a1502fe9bd5b6e3eff18751cd91dc1beba1c56fed12c628770f37e7844,No/IMG_0217.jpeg,No,IMG_0217.jpeg,886,491,98717
91,cross_class,b106e9a1502fe9bd5b6e3eff18751cd91dc1beba1c56fed12c628770f37e7844,Yes/IMG_0217.jpeg,Yes,IMG_0217.jpeg,886,491,98717
92,cross_class,b10959f90c4c277fd80fa6c169bd1ef8520de786ecfd9beb952a3ce1e6d31620,No/IMG_0188.jpeg,No,IMG_0188.jpeg,641,878,101952
92,cross_class,b10959f90c4c277fd80fa6c169bd1ef8520de786ecfd9beb952a3ce1e6d31620,Yes/IMG_0188.jpeg,Yes,IMG_0188.jpeg,641,878,101952
93,within_class,b1efba2d003622246a5fa18e1ec21840deb20f58cba60c916cc8f768d8e7d08e,No/10 (21).jpeg,No,10 (21).jpeg,491,693,75242
93,within_class,b1efba2d003622246a5fa18e1ec21840deb20f58cba60c916cc8f768d8e7d08e,No/12 (32).jpeg,No,12 (32).jpeg,491,693,75242
93,within_class,b1efba2d003622246a5fa18e1ec21840deb20f58cba60c916cc8f768d8e7d08e,No/IMG_0366.jpeg,No,IMG_0366.jpeg,491,693,75242
94,within_class,b3e869615d0e5fa8221b542902db5adbd445b2fb36d724255525c3eba3a6a0d7,No/2024-02-04 15.17.54.jpeg,No,2024-02-04 15.17.54.jpeg,871,567,122207
94,within_class,b3e869615d0e5fa8221b542902db5adbd445b2fb36d724255525c3eba3a6a0d7,No/3 (10).jpeg,No,3 (10).jpeg,871,567,122207
95,within_class,b5d6d3fd809ae8476699d4c5171175c98ddef78ba79f5478ffd49932f51e008a,No/10 (8).jpeg,No,10 (8).jpeg,246,437,29334
95,within_class,b5d6d3fd809ae8476699d4c5171175c98ddef78ba79f5478ffd49932f51e008a,No/14 (8).jpeg,No,14 (8).jpeg,246,437,29334
95,within_class,b5d6d3fd809ae8476699d4c5171175c98ddef78ba79f5478ffd49932f51e008a,No/IMG_0353.jpeg,No,IMG_0353.jpeg,246,437,29334
96,within_class,b5fec1f2d715deab4b8804661639be14a89e887051534609fb7bf9318537910b,No/13 (37).jpg,No,13 (37).jpg,177,129,12140
96,within_class,b5fec1f2d715deab4b8804661639be14a89e887051534609fb7bf9318537910b,No/9 (35).jpg,No,9 (35).jpg,177,129,12140
96,within_class,b5fec1f2d715deab4b8804661639be14a89e887051534609fb7bf9318537910b,No/IMG_20231216_150534_793.jpg,No,IMG_20231216_150534_793.jpg,177,129,12140
97,within_class,b8bcf90d709432b5a0554d8ab8a5e5cdee0ec2a62a1e2b51f7ce1a1044401c59,No/10 (28).jpeg,No,10 (28).jpeg,491,643,67551
97,within_class,b8bcf90d709432b5a0554d8ab8a5e5cdee0ec2a62a1e2b51f7ce1a1044401c59,No/14 (28).jpeg,No,14 (28).jpeg,491,643,67551
97,within_class,b8bcf90d709432b5a0554d8ab8a5e5cdee0ec2a62a1e2b51f7ce1a1044401c59,No/IMG_0336.jpeg,No,IMG_0336.jpeg,491,643,67551
98,within_class,b8f14e6617b85a9e734cff4d5eae045f3fd1ea42aaa2a3abd524a8b358d16f02,No/13 (15).jpg,No,13 (15).jpg,133,142,9416
98,within_class,b8f14e6617b85a9e734cff4d5eae045f3fd1ea42aaa2a3abd524a8b358d16f02,No/9 (13).jpg,No,9 (13).jpg,133,142,9416
98,within_class,b8f14e6617b85a9e734cff4d5eae045f3fd1ea42aaa2a3abd524a8b358d16f02,No/IMG_20231216_150534_771.jpg,No,IMG_20231216_150534_771.jpg,133,142,9416
99,within_class,badb524320a9e57128b7cd59a1fb530b1c92eb759e073ec7bd5f6d01d9a26167,No/7 (3).jpg,No,7 (3).jpg,172,172,15133
99,within_class,badb524320a9e57128b7cd59a1fb530b1c92eb759e073ec7bd5f6d01d9a26167,No/IMG_20231216_135244_594.jpg,No,IMG_20231216_135244_594.jpg,172,172,15133
100,within_class,bd0ea3affb93a9ecc0f9742b25ae5e2e7584903d79359dc614fa48ac4fa92924,No/1 (2).jpeg,No,1 (2).jpeg,1056,1162,251317
100,within_class,bd0ea3affb93a9ecc0f9742b25ae5e2e7584903d79359dc614fa48ac4fa92924,No/2 (4).jpeg,No,2 (4).jpeg,1056,1162,251317
100,within_class,bd0ea3affb93a9ecc0f9742b25ae5e2e7584903d79359dc614fa48ac4fa92924,No/IMG_0206.jpeg,No,IMG_0206.jpeg,1056,1162,251317
101,cross_class,bd726f9649ad2a4d31d6dd3a494c3f2772c0d76935e1749f0a81fe0c59ecd040,No/IMG_0197.jpeg,No,IMG_0197.jpeg,783,491,85978
101,cross_class,bd726f9649ad2a4d31d6dd3a494c3f2772c0d76935e1749f0a81fe0c59ecd040,Yes/IMG_0197.jpeg,Yes,IMG_0197.jpeg,783,491,85978
102,within_class,be408e479ba2395865f80dda3bfb5a3d2750065134242affbd7454a50c7cca4c,No/10 (16).jpeg,No,10 (16).jpeg,282,620,38787
102,within_class,be408e479ba2395865f80dda3bfb5a3d2750065134242affbd7454a50c7cca4c,No/14 (16).jpeg,No,14 (16).jpeg,282,620,38787
102,within_class,be408e479ba2395865f80dda3bfb5a3d2750065134242affbd7454a50c7cca4c,No/IMG_0361.jpeg,No,IMG_0361.jpeg,282,620,38787
103,within_class,bebcb47d8ee11b7bdfcaced28875b52abca3152e7a34160c84dcbf92859732c4,No/7 (9).jpg,No,7 (9).jpg,124,172,11494
103,within_class,bebcb47d8ee11b7bdfcaced28875b52abca3152e7a34160c84dcbf92859732c4,No/IMG_20231216_135244_590.jpg,No,IMG_20231216_135244_590.jpg,124,172,11494
104,within_class,c2023680afb9d1133573d217b00075788b18e6a55d0044ab455f315e7f5f6277,No/10 (3).jpeg,No,10 (3).jpeg,239,369,23958
104,within_class,c2023680afb9d1133573d217b00075788b18e6a55d0044ab455f315e7f5f6277,No/12 (14).jpeg,No,12 (14).jpeg,239,369,23958
104,within_class,c2023680afb9d1133573d217b00075788b18e6a55d0044ab455f315e7f5f6277,No/IMG_0348.jpeg,No,IMG_0348.jpeg,239,369,23958
105,within_class,c59521c2a86b96f31504aaeb95ea543eb94bf72a1f954eab2a93489b334e2275,No/14 (30).jpeg,No,14 (30).jpeg,492,571,61116
105,within_class,c59521c2a86b96f31504aaeb95ea543eb94bf72a1f954eab2a93489b334e2275,No/IMG_0338.jpeg,No,IMG_0338.jpeg,492,571,61116
106,within_class,c6a960f8df7bb423e1125d24d15bc048b6837c95f9795b041fa4d6c52b3c84f5,No/6 (10).jpeg,No,6 (10).jpeg,783,514,89812
106,within_class,c6a960f8df7bb423e1125d24d15bc048b6837c95f9795b041fa4d6c52b3c84f5,No/IMG_0232.jpeg,No,IMG_0232.jpeg,783,514,89812
107,within_class,c70f3995fc83e7598d8da5aac0281e016fd95df1d3c457fb08a45e5020d7bc6a,No/10 (36).jpeg,No,10 (36).jpeg,128,251,14124
107,within_class,c70f3995fc83e7598d8da5aac0281e016fd95df1d3c457fb08a45e5020d7bc6a,No/12 (10).jpeg,No,12 (10).jpeg,128,251,14124
107,within_class,c70f3995fc83e7598d8da5aac0281e016fd95df1d3c457fb08a45e5020d7bc6a,No/14 (36).jpeg,No,14 (36).jpeg,128,251,14124
107,within_class,c70f3995fc83e7598d8da5aac0281e016fd95df1d3c457fb08a45e5020d7bc6a,No/IMG_0344.jpeg,No,IMG_0344.jpeg,128,251,14124
108,cross_class,c73b4bc1702e497fecffd7902646657cde784c2a21884e05fb1f182d43c1dda5,No/IMG_0196.jpeg,No,IMG_0196.jpeg,1028,563,114653
108,cross_class,c73b4bc1702e497fecffd7902646657cde784c2a21884e05fb1f182d43c1dda5,Yes/IMG_0196.jpeg,Yes,IMG_0196.jpeg,1028,563,114653
109,cross_class,c79b967e310ac7b33c111007f330f13c2131a0b00d72eb46959742b2b5499a6e,No/4 (1).jpeg,No,4 (1).jpeg,982,693,149580
109,cross_class,c79b967e310ac7b33c111007f330f13c2131a0b00d72eb46959742b2b5499a6e,No/IMG_0213.jpeg,No,IMG_0213.jpeg,982,693,149580
109,cross_class,c79b967e310ac7b33c111007f330f13c2131a0b00d72eb46959742b2b5499a6e,Yes/IMG_0213.jpeg,Yes,IMG_0213.jpeg,982,693,149580
110,within_class,c883d796ac1af435f9d42334aba772c764a9d95b2181bb98bcff8e49b1baf1c8,No/10 (6).jpeg,No,10 (6).jpeg,241,491,30501
110,within_class,c883d796ac1af435f9d42334aba772c764a9d95b2181bb98bcff8e49b1baf1c8,No/14 (6).jpeg,No,14 (6).jpeg,241,491,30501
110,within_class,c883d796ac1af435f9d42334aba772c764a9d95b2181bb98bcff8e49b1baf1c8,No/IMG_0351.jpeg,No,IMG_0351.jpeg,241,491,30501
111,within_class,cbe0b5f010389458737f38d09f075212e61245dd85867a8f8d746e369c90e1ad,No/7 (8).jpg,No,7 (8).jpg,172,172,15028
111,within_class,cbe0b5f010389458737f38d09f075212e61245dd85867a8f8d746e369c90e1ad,No/IMG_20231216_135244_589.jpg,No,IMG_20231216_135244_589.jpg,172,172,15028
112,within_class,cdc4cdb91e474df33589ce7fae93142881cec5d2ff9fc919fb7200ff75df56ba,No/6 (8).jpeg,No,6 (8).jpeg,825,643,103007
112,within_class,cdc4cdb91e474df33589ce7fae93142881cec5d2ff9fc919fb7200ff75df56ba,No/IMG_0230.jpeg,No,IMG_0230.jpeg,825,643,103007
113,within_class,ce1bec4820843d50d23f76f9a7d4fa7c23fc2447335b3b7e0c646cc958d5d649,No/1 (3).jpeg,No,1 (3).jpeg,994,1135,200380
113,within_class,ce1bec4820843d50d23f76f9a7d4fa7c23fc2447335b3b7e0c646cc958d5d649,No/2 (5).jpeg,No,2 (5).jpeg,994,1135,200380
113,within_class,ce1bec4820843d50d23f76f9a7d4fa7c23fc2447335b3b7e0c646cc958d5d649,No/IMG_0207.jpeg,No,IMG_0207.jpeg,994,1135,200380
114,within_class,ce5767e0f78a5a49f25ee50b80bac9cf90edf097b1cb62f9f699d6122d1a2b0c,No/13 (13).jpg,No,13 (13).jpg,131,129,8648
114,within_class,ce5767e0f78a5a49f25ee50b80bac9cf90edf097b1cb62f9f699d6122d1a2b0c,No/9 (11).jpg,No,9 (11).jpg,131,129,8648
114,within_class,ce5767e0f78a5a49f25ee50b80bac9cf90edf097b1cb62f9f699d6122d1a2b0c,No/IMG_20231216_150534_769.jpg,No,IMG_20231216_150534_769.jpg,131,129,8648
115,within_class,cfc4314ef87ad879b0a73a1cd4bf9ecccfc88e1fbcc381cd3c8a5d1e05d270bc,No/2024-02-04 15.18.36.jpeg,No,2024-02-04 15.18.36.jpeg,860,469,75436
115,within_class,cfc4314ef87ad879b0a73a1cd4bf9ecccfc88e1fbcc381cd3c8a5d1e05d270bc,No/3 (2).jpeg,No,3 (2).jpeg,860,469,75436
116,within_class,d0a040316d6e6200a3cbaa6e22f2fd4a3d2b7232f5f39d14c51a079063f38807,No/11 (14).jpeg,No,11 (14).jpeg,582,535,59478
116,within_class,d0a040316d6e6200a3cbaa6e22f2fd4a3d2b7232f5f39d14c51a079063f38807,No/2024-02-04 15.37.55.jpeg,No,2024-02-04 15.37.55.jpeg,582,535,59478
117,within_class,d0eb9705f29dbc309b86a9b725bc608617b1d1af412714c1379e41660bdcf3cb,No/10 (7).jpeg,No,10 (7).jpeg,231,361,24662
117,within_class,d0eb9705f29dbc309b86a9b725bc608617b1d1af412714c1379e41660bdcf3cb,No/14 (7).jpeg,No,14 (7).jpeg,231,361,24662
117,within_class,d0eb9705f29dbc309b86a9b725bc608617b1d1af412714c1379e41660bdcf3cb,No/IMG_0352.jpeg,No,IMG_0352.jpeg,231,361,24662
118,within_class,d173944f1ca1d9eac039952791ac9a7052b9cb72719969403205ed5b72ef454e,No/13 (6).jpg,No,13 (6).jpg,131,129,9215
118,within_class,d173944f1ca1d9eac039952791ac9a7052b9cb72719969403205ed5b72ef454e,No/9 (4).jpg,No,9 (4).jpg,131,129,9215
118,within_class,d173944f1ca1d9eac039952791ac9a7052b9cb72719969403205ed5b72ef454e,No/IMG_20231216_150534_799.jpg,No,IMG_20231216_150534_799.jpg,131,129,9215
119,within_class,d26b9ed1fe7bfac5cd14a3bf02c378275c4b68b353c9d8811848a4a7ee955b05,No/5 (10).jpeg,No,5 (10).jpeg,910,962,172934
119,within_class,d26b9ed1fe7bfac5cd14a3bf02c378275c4b68b353c9d8811848a4a7ee955b05,No/8 (2).jpeg,No,8 (2).jpeg,910,962,172934
119,within_class,d26b9ed1fe7bfac5cd14a3bf02c378275c4b68b353c9d8811848a4a7ee955b05,No/IMG_0223.jpeg,No,IMG_0223.jpeg,910,962,172934
120,within_class,d2b0647d9717cfe1b653e0ed0f198d635b996a744a6e1a4f62d03342a805069e,No/13 (4).jpg,No,13 (4).jpg,129,129,8962
120,within_class,d2b0647d9717cfe1b653e0ed0f198d635b996a744a6e1a4f62d03342a805069e,No/9 (2).jpg,No,9 (2).jpg,129,129,8962
120,within_class,d2b0647d9717cfe1b653e0ed0f198d635b996a744a6e1a4f62d03342a805069e,No/IMG_20231216_150534_797.jpg,No,IMG_20231216_150534_797.jpg,129,129,8962
121,within_class,d3fd6a432bf4653ebe33fc53ed294220ea6150f21e5c910f1c1cea60263dc6b6,No/14 (29).jpeg,No,14 (29).jpeg,495,494,57408
121,within_class,d3fd6a432bf4653ebe33fc53ed294220ea6150f21e5c910f1c1cea60263dc6b6,No/IMG_0337.jpeg,No,IMG_0337.jpeg,495,494,57408
122,within_class,d562770422de6aa675405f5ab158924b60d4db5f0a2d7ff94304c992af4e5a83,No/13 (25).jpg,No,13 (25).jpg,171,129,10733
122,within_class,d562770422de6aa675405f5ab158924b60d4db5f0a2d7ff94304c992af4e5a83,No/9 (23).jpg,No,9 (23).jpg,171,129,10733
122,within_class,d562770422de6aa675405f5ab158924b60d4db5f0a2d7ff94304c992af4e5a83,No/IMG_20231216_150534_781.jpg,No,IMG_20231216_150534_781.jpg,171,129,10733
123,within_class,d88309043aa032b4db80dba11d99a33c2ec5cc04a287b22d0e7dde752be40411,No/10 (25).jpeg,No,10 (25).jpeg,714,532,81523
123,within_class,d88309043aa032b4db80dba11d99a33c2ec5cc04a287b22d0e7dde752be40411,No/IMG_0333.jpeg,No,IMG_0333.jpeg,714,532,81523
124,within_class,da10d57e67c48a363dc2cfeae7307bf1c61c839bece7dace4beaabf9feebaa74,No/11 (15).jpeg,No,11 (15).jpeg,560,528,62609
124,within_class,da10d57e67c48a363dc2cfeae7307bf1c61c839bece7dace4beaabf9feebaa74,No/2024-02-04 15.38.18.jpeg,No,2024-02-04 15.38.18.jpeg,560,528,62609
125,within_class,da3c033fa98536074fb48b10aa4354d7b28cc225fb8b1ae7f9bc71409b71aa39,No/5 (2).jpeg,No,5 (2).jpeg,1109,916,203124
125,within_class,da3c033fa98536074fb48b10aa4354d7b28cc225fb8b1ae7f9bc71409b71aa39,No/8 (4).jpeg,No,8 (4).jpeg,1109,916,203124
125,within_class,da3c033fa98536074fb48b10aa4354d7b28cc225fb8b1ae7f9bc71409b71aa39,No/IMG_0225.jpeg,No,IMG_0225.jpeg,1109,916,203124
126,within_class,dd34215a36edbdd33d100e533a02a6b3dd07ef9160d4f52be903851e3dbc4022,No/10 (18).jpeg,No,10 (18).jpeg,119,169,15897
126,within_class,dd34215a36edbdd33d100e533a02a6b3dd07ef9160d4f52be903851e3dbc4022,No/14 (18).jpeg,No,14 (18).jpeg,119,169,15897
126,within_class,dd34215a36edbdd33d100e533a02a6b3dd07ef9160d4f52be903851e3dbc4022,No/IMG_0363.jpeg,No,IMG_0363.jpeg,119,169,15897
127,within_class,df9f2ab45306d33a4e2d0c7149524274ef2ea8b49b8ab134af850688013d8e70,No/10 (27).jpeg,No,10 (27).jpeg,492,736,74886
127,within_class,df9f2ab45306d33a4e2d0c7149524274ef2ea8b49b8ab134af850688013d8e70,No/14 (27).jpeg,No,14 (27).jpeg,492,736,74886
127,within_class,df9f2ab45306d33a4e2d0c7149524274ef2ea8b49b8ab134af850688013d8e70,No/IMG_0335.jpeg,No,IMG_0335.jpeg,492,736,74886
128,within_class,e152ac452125c4f9ab0cee98cb6568f7d77afa0ab0e4e032f8329fc79279c103,No/10 (11).jpeg,No,10 (11).jpeg,211,479,27720
128,within_class,e152ac452125c4f9ab0cee98cb6568f7d77afa0ab0e4e032f8329fc79279c103,No/12 (22).jpeg,No,12 (22).jpeg,211,479,27720
128,within_class,e152ac452125c4f9ab0cee98cb6568f7d77afa0ab0e4e032f8329fc79279c103,No/IMG_0356.jpeg,No,IMG_0356.jpeg,211,479,27720
129,within_class,e187b430b4b2e3c23935375de4bd21cb702037af04cb1df5c6c5f7cd904a24b6,No/9 (8).jpg,No,9 (8).jpg,129,148,10846
129,within_class,e187b430b4b2e3c23935375de4bd21cb702037af04cb1df5c6c5f7cd904a24b6,No/IMG_20231216_150534_803.jpg,No,IMG_20231216_150534_803.jpg,129,148,10846
130,within_class,e4a8b674eaac67cb3e0c1ab982323b1f0a96fa496742b51c570153a4ccae6fb4,No/9 (9).jpg,No,9 (9).jpg,129,130,8528
130,within_class,e4a8b674eaac67cb3e0c1ab982323b1f0a96fa496742b51c570153a4ccae6fb4,No/IMG_20231216_150534_767.jpg,No,IMG_20231216_150534_767.jpg,129,130,8528
131,within_class,e51fcf5fbec402d1d141ddf20419aa8907290cd45bd791d82ac14b7bb36f0762,No/5 (3).jpeg,No,5 (3).jpeg,925,824,152156
131,within_class,e51fcf5fbec402d1d141ddf20419aa8907290cd45bd791d82ac14b7bb36f0762,No/8 (5).jpeg,No,8 (5).jpeg,925,824,152156
131,within_class,e51fcf5fbec402d1d141ddf20419aa8907290cd45bd791d82ac14b7bb36f0762,No/IMG_0226.jpeg,No,IMG_0226.jpeg,925,824,152156
132,within_class,e6ce5b0167ce9c99a51596d83ba3a96d6c632e37f97ed65ae0ca75cce0e68ba5,No/11 (20).jpeg,No,11 (20).jpeg,741,491,69028
132,within_class,e6ce5b0167ce9c99a51596d83ba3a96d6c632e37f97ed65ae0ca75cce0e68ba5,No/2024-02-04 15.39.48.jpeg,No,2024-02-04 15.39.48.jpeg,741,491,69028
133,within_class,e837bf19975f044459ae9a95956093197b346b639bfc409d98601c64d9232db6,No/11 (7).jpeg,No,11 (7).jpeg,491,491,46667
133,within_class,e837bf19975f044459ae9a95956093197b346b639bfc409d98601c64d9232db6,No/2024-02-04 15.35.49.jpeg,No,2024-02-04 15.35.49.jpeg,491,491,46667
134,cross_class,e8b848c9ae90664356220239af2cefdad0a73b24d7df4f2120372f7fd07159b5,No/IMG_0187.jpeg,No,IMG_0187.jpeg,626,492,58101
134,cross_class,e8b848c9ae90664356220239af2cefdad0a73b24d7df4f2120372f7fd07159b5,Yes/IMG_0187.jpeg,Yes,IMG_0187.jpeg,626,492,58101
135,within_class,ea73247005e1eca11dca6098e74538e080fff6a75f6cf741d0a072bbcc848726,No/7 (5).jpg,No,7 (5).jpg,183,172,15945
135,within_class,ea73247005e1eca11dca6098e74538e080fff6a75f6cf741d0a072bbcc848726,No/IMG_20231216_135244_596.jpg,No,IMG_20231216_135244_596.jpg,183,172,15945
136,within_class,ebc4c402d3402ab25497583a2e8deff4c0d1cb088af2a385f9877bd4afebe812,No/2024-02-04 15.17.18.jpeg,No,2024-02-04 15.17.18.jpeg,825,491,71437
136,within_class,ebc4c402d3402ab25497583a2e8deff4c0d1cb088af2a385f9877bd4afebe812,No/3 (8).jpeg,No,3 (8).jpeg,825,491,71437
137,cross_class,ec28ace71c912e3c5c55723af5c9c674937fda08ee9aff123f28626812f6ddc1,No/4 (4).jpeg,No,4 (4).jpeg,948,805,153515
137,cross_class,ec28ace71c912e3c5c55723af5c9c674937fda08ee9aff123f28626812f6ddc1,No/IMG_0216.jpeg,No,IMG_0216.jpeg,948,805,153515
137,cross_class,ec28ace71c912e3c5c55723af5c9c674937fda08ee9aff123f28626812f6ddc1,Yes/IMG_0216.jpeg,Yes,IMG_0216.jpeg,948,805,153515
138,within_class,eec823ed947116bcb54c198a0d09182a1f70db36df59f5bbb529766838fc8fd9,No/9 (30).jpg,No,9 (30).jpg,153,129,10308
138,within_class,eec823ed947116bcb54c198a0d09182a1f70db36df59f5bbb529766838fc8fd9,No/IMG_20231216_150534_788.jpg,No,IMG_20231216_150534_788.jpg,153,129,10308
139,within_class,efd18b2b4f24e0ed12bfa7f2162f16a088a25c2dc29cbf4a2d98364caccc984f,No/13 (5).jpg,No,13 (5).jpg,130,144,9870
139,within_class,efd18b2b4f24e0ed12bfa7f2162f16a088a25c2dc29cbf4a2d98364caccc984f,No/9 (3).jpg,No,9 (3).jpg,130,144,9870
139,within_class,efd18b2b4f24e0ed12bfa7f2162f16a088a25c2dc29cbf4a2d98364caccc984f,No/IMG_20231216_150534_798.jpg,No,IMG_20231216_150534_798.jpg,130,144,9870
140,within_class,f0a2158fe6836bef1fe82e7a6a8807ca384adfd06a527b085c1dfc332273195a,No/13 (17).jpg,No,13 (17).jpg,129,130,8961
140,within_class,f0a2158fe6836bef1fe82e7a6a8807ca384adfd06a527b085c1dfc332273195a,No/9 (15).jpg,No,9 (15).jpg,129,130,8961
140,within_class,f0a2158fe6836bef1fe82e7a6a8807ca384adfd06a527b085c1dfc332273195a,No/IMG_20231216_150534_773.jpg,No,IMG_20231216_150534_773.jpg,129,130,8961
141,within_class,f0ed3e9bc7586f2e484224252626d89eb9a99c7f2cf739d815bb496c5ea87477,No/7 (2).jpg,No,7 (2).jpg,172,172,14974
141,within_class,f0ed3e9bc7586f2e484224252626d89eb9a99c7f2cf739d815bb496c5ea87477,No/IMG_20231216_135244_593.jpg,No,IMG_20231216_135244_593.jpg,172,172,14974
142,within_class,f24322f0e9e682bdddc79bcd8c3bea63e03cb89045700fd9ef4eb3fd7a01e745,No/11 (16).jpeg,No,11 (16).jpeg,515,565,61317
142,within_class,f24322f0e9e682bdddc79bcd8c3bea63e03cb89045700fd9ef4eb3fd7a01e745,No/2024-02-04 15.38.36.jpeg,No,2024-02-04 15.38.36.jpeg,515,565,61317
143,within_class,f408d85d1a72886880ee4deaed0dbde4711a18a29a81f0be171c99dc8825979d,No/5 (1).jpeg,No,5 (1).jpeg,890,816,146501
143,within_class,f408d85d1a72886880ee4deaed0dbde4711a18a29a81f0be171c99dc8825979d,No/8 (3).jpeg,No,8 (3).jpeg,890,816,146501
143,within_class,f408d85d1a72886880ee4deaed0dbde4711a18a29a81f0be171c99dc8825979d,No/IMG_0224.jpeg,No,IMG_0224.jpeg,890,816,146501
144,within_class,f6aabeae75556e4f4dd7caf0703472f4dbb916118aa120c5cadef2d358ace2fc,No/11 (5).jpeg,No,11 (5).jpeg,783,491,77158
144,within_class,f6aabeae75556e4f4dd7caf0703472f4dbb916118aa120c5cadef2d358ace2fc,No/2024-02-04 15.35.14.jpeg,No,2024-02-04 15.35.14.jpeg,783,491,77158
145,within_class,f7017238a998a286223dbd2dcbe00a3d0ada32c45abf409fa45089338d0ab504,No/11 (6).jpeg,No,11 (6).jpeg,499,491,46575
145,within_class,f7017238a998a286223dbd2dcbe00a3d0ada32c45abf409fa45089338d0ab504,No/2024-02-04 15.35.32.jpeg,No,2024-02-04 15.35.32.jpeg,499,491,46575
146,within_class,f7dca24ef959ee86de8b97b1400f5ad2fc3e75a38ba22b8bed326b4c116519ad,No/10 (5).jpeg,No,10 (5).jpeg,541,624,73160
146,within_class,f7dca24ef959ee86de8b97b1400f5ad2fc3e75a38ba22b8bed326b4c116519ad,No/IMG_0350.jpeg,No,IMG_0350.jpeg,541,624,73160
147,within_class,fa041c53bda61e48c5af8376507d6b66d481bd98ecaf2020c43737616830dc48,No/13 (24).jpg,No,13 (24).jpg,157,129,10591
147,within_class,fa041c53bda61e48c5af8376507d6b66d481bd98ecaf2020c43737616830dc48,No/9 (22).jpg,No,9 (22).jpg,157,129,10591
147,within_class,fa041c53bda61e48c5af8376507d6b66d481bd98ecaf2020c43737616830dc48,No/IMG_20231216_150534_780.jpg,No,IMG_20231216_150534_780.jpg,157,129,10591
